wall,env_steps,update,mean_return,mean_percent,best_percent,pi_loss,v_loss,entropy,kl,clip_frac,steps_per_sec,explained_variance,grad_norm,lr,epochs
55.6,2048,0,-0.702,0.0298,0.0375,-0.0001,0.0981,0.6918,0.00131,0.0,37.1,0.0404,1.1251,0.0003,4
105.9,4096,1,-0.707,0.0293,0.0375,0.0001,0.0574,0.6905,0.00014,0.0,41.0,0.2067,0.5729,0.0003,4
152.0,6144,2,-0.694,0.0306,0.0375,-0.0014,0.0301,0.6729,0.00502,0.0244,44.7,0.4426,0.3083,0.0003,4
198.1,8192,3,-0.68,0.032,0.0382,-0.0005,0.0166,0.6414,0.00218,0.0103,44.8,0.6886,0.3323,0.0003,4
244.1,10240,4,-0.67,0.033,0.0886,-0.0007,0.0585,0.6307,0.00184,0.0,44.8,-0.069,0.3483,0.0003,4
289.0,12288,5,-0.66,0.034,0.0896,-0.0022,0.035,0.611,0.00382,0.0408,46.0,0.3834,0.4549,0.0003,4
332.9,14336,6,-0.649,0.0351,0.0896,-0.0035,0.0185,0.5649,0.00476,0.0469,47.0,0.7354,0.4275,0.0003,4
375.8,16384,7,-0.638,0.0362,0.0896,-0.0027,0.021,0.597,0.00403,0.0553,48.1,0.6622,0.3399,0.0003,4
421.8,18432,8,-0.634,0.0366,0.0896,-0.0008,0.0342,0.5578,0.00162,0.0,44.8,0.4722,0.381,0.0003,4
466.8,20480,9,-0.631,0.0369,0.0896,-0.0006,0.0238,0.5656,0.0006,0.0,45.8,0.6598,0.3215,0.0003,4
509.7,22528,10,-0.623,0.0377,0.0896,-0.0017,0.0412,0.5249,0.00219,0.0162,48.2,0.2115,0.4754,0.0003,4
551.5,24576,11,-0.611,0.0389,0.1083,-0.0028,0.0386,0.5541,0.00267,0.0448,49.4,0.3432,0.3699,0.0003,4
593.3,26624,12,-0.601,0.0399,0.1083,-0.002,0.0319,0.5649,0.00202,0.0271,49.3,0.4747,0.3528,0.0003,4
639.3,28672,13,-0.603,0.0397,0.1083,-0.0028,0.0476,0.5772,0.00424,0.0569,44.9,0.2947,0.3867,0.0003,4
682.2,30720,14,-0.6,0.04,0.1083,-0.0036,0.0328,0.5912,0.00254,0.0239,48.2,0.4966,0.3065,0.0003,4
726.1,32768,15,-0.601,0.0399,0.1083,-0.0019,0.0505,0.5979,0.00091,0.0001,46.9,0.2855,0.3454,0.0003,4
772.2,34816,16,-0.598,0.0402,0.1083,-0.0021,0.0449,0.594,0.00155,0.0123,44.8,0.4183,0.3662,0.0003,4
812.9,36864,17,-0.591,0.0409,0.1421,-0.0022,0.0427,0.6171,0.00225,0.0142,50.7,0.0479,0.3332,0.0003,4
855.8,38912,18,-0.588,0.0412,0.1421,-0.0037,0.0441,0.5807,0.00381,0.0273,48.1,0.3469,0.3529,0.0003,4
900.8,40960,19,-0.585,0.0415,0.1421,-0.0041,0.0398,0.5803,0.00391,0.0573,45.8,0.4538,0.3749,0.0003,4
944.7,43008,20,-0.585,0.0415,0.1421,-0.0025,0.0276,0.5481,0.00339,0.0123,47.0,0.6021,0.262,0.0003,4
986.6,45056,21,-0.575,0.0425,0.1421,-0.0062,0.0325,0.5369,0.00479,0.0591,49.3,0.487,0.3356,0.0003,4
1028.4,47104,22,-0.565,0.0435,0.1421,-0.0057,0.0354,0.5413,0.00304,0.0356,49.4,0.3667,0.3339,0.0003,4
1067.1,49152,23,-0.556,0.0444,0.1421,-0.0071,0.0381,0.5134,0.00639,0.0952,53.4,0.1036,0.4088,0.0003,4
1107.9,51200,24,-0.541,0.0459,0.1424,-0.0042,0.0373,0.5476,0.00159,0.0153,50.6,0.4059,0.3446,0.0003,4
1146.6,53248,25,-0.53,0.047,0.1424,-0.0055,0.0248,0.5153,0.0028,0.0342,53.4,0.4985,0.3464,0.0003,4
1186.4,55296,26,-0.514,0.0486,0.1424,-0.0038,0.0283,0.5046,0.00277,0.0353,51.9,0.4766,0.3283,0.0003,4
1227.2,57344,27,-0.505,0.0495,0.1424,-0.005,0.0453,0.5084,0.00342,0.0463,50.6,0.3458,0.3992,0.0003,4
1265.9,59392,28,-0.493,0.0507,0.1424,-0.0066,0.0205,0.4932,0.00288,0.0282,53.4,0.5591,0.3388,0.0003,4
1304.6,61440,29,-0.478,0.0522,0.1424,-0.0059,0.015,0.4719,0.0025,0.0339,53.4,0.7228,0.3461,0.0003,4
1342.2,63488,30,-0.468,0.0532,0.1424,-0.0117,0.0215,0.4988,0.0067,0.0648,54.9,0.4826,0.312,0.0003,4
1383.0,65536,31,-0.455,0.0545,0.1424,-0.0054,0.0299,0.4457,0.00354,0.0453,50.6,0.502,0.4506,0.0003,4
1422.7,67584,32,-0.445,0.0555,0.1424,-0.0057,0.0261,0.4731,0.00302,0.04,51.9,0.5679,0.3479,0.0003,4
1462.4,69632,33,-0.434,0.0566,0.1424,-0.0048,0.0216,0.4479,0.00229,0.0208,52.0,0.6603,0.3607,0.0003,4
1500.1,71680,34,-0.424,0.0576,0.1424,-0.0075,0.0182,0.4209,0.00396,0.0466,54.9,0.5186,0.3777,0.0003,4
1537.7,73728,35,-0.41,0.059,0.1426,-0.0036,0.0134,0.4047,0.00169,0.0138,54.9,0.6882,0.3536,0.0003,4
1576.4,75776,36,-0.398,0.0602,0.1426,-0.0055,0.0159,0.4508,0.00279,0.0404,53.4,0.7329,0.32,0.0003,4
1616.0,77824,37,-0.389,0.0611,0.1426,-0.0062,0.0253,0.4504,0.00293,0.0305,52.1,0.6248,0.3808,0.0003,4
1654.6,79872,38,-0.377,0.0623,0.1426,-0.0063,0.0135,0.4635,0.00393,0.0508,53.4,0.7407,0.3373,0.0003,4
1695.4,81920,39,-0.367,0.0633,0.1426,-0.0053,0.0351,0.4578,0.00359,0.0416,50.7,0.3948,0.4795,0.0003,4
1733.0,83968,40,-0.357,0.0643,0.1426,-0.0093,0.0094,0.4902,0.00446,0.0563,54.9,0.7701,0.3408,0.0003,4
1771.7,86016,41,-0.342,0.0658,0.1426,-0.0101,0.0194,0.4721,0.00377,0.0492,53.4,0.6761,0.3612,0.0003,4
1809.3,88064,42,-0.329,0.0671,0.1581,-0.0083,0.019,0.445,0.00517,0.0612,54.9,0.5632,0.397,0.0003,4
1846.9,90112,43,-0.313,0.0687,0.1581,-0.0039,0.01,0.4718,0.00237,0.0237,55.0,0.6775,0.3536,0.0003,4
1883.5,92160,44,-0.303,0.0697,0.1739,-0.0056,0.012,0.4663,0.00168,0.015,56.5,0.6294,0.3664,0.0003,4
1921.1,94208,45,-0.29,0.071,0.1739,-0.0054,0.01,0.4609,0.00323,0.0369,54.9,0.77,0.3218,0.0003,4
1959.8,96256,46,-0.276,0.0724,0.1739,-0.0046,0.0133,0.476,0.00267,0.0278,53.4,0.7142,0.3349,0.0003,4
1997.5,98304,47,-0.266,0.0734,0.1739,-0.0055,0.0229,0.4897,0.00289,0.0339,54.9,0.4451,0.3671,0.0003,4
2036.1,100352,48,-0.26,0.074,0.1739,-0.0105,0.0235,0.4908,0.00511,0.0614,53.4,0.5403,0.4122,0.0003,4
2074.8,102400,49,-0.243,0.0757,0.1739,-0.0073,0.0122,0.4982,0.00269,0.036,53.4,0.781,0.3269,0.0003,4
2112.4,104448,50,-0.233,0.0767,0.1739,-0.0057,0.0109,0.4744,0.00545,0.0648,55.0,0.7856,0.3302,0.0003,4
2150.1,106496,51,-0.218,0.0782,0.1739,-0.0087,0.0059,0.453,0.00447,0.0513,54.9,0.8612,0.3844,0.0003,4
2187.7,108544,52,-0.213,0.0787,0.1739,-0.0088,0.0191,0.472,0.00363,0.0431,54.9,0.5495,0.3712,0.0003,4
2225.3,110592,53,-0.197,0.0803,0.1739,-0.0078,0.004,0.4612,0.00366,0.0398,54.9,0.917,0.3674,0.0003,4
2263.0,112640,54,-0.178,0.0822,0.1739,-0.0094,0.0166,0.476,0.00239,0.0308,54.9,0.6522,0.4395,0.0003,4
2300.6,114688,55,-0.162,0.0838,0.1739,-0.0064,0.0048,0.4808,0.00342,0.0396,54.9,0.862,0.3831,0.0003,4
2337.2,116736,56,-0.151,0.0849,0.1739,-0.0071,0.0023,0.4375,0.0057,0.0712,56.5,0.9279,0.405,0.0003,4
2375.7,118784,57,-0.142,0.0858,0.1818,-0.0056,0.0342,0.4571,0.0039,0.0435,53.6,0.1922,0.3691,0.0003,4
2413.3,120832,58,-0.126,0.0874,0.1818,-0.0096,0.0092,0.452,0.00336,0.0385,54.9,0.726,0.353,0.0003,4
2452.0,122880,59,-0.114,0.0886,0.1818,-0.0095,0.0316,0.4388,0.0074,0.0657,53.4,0.3461,0.4412,0.0003,4
2489.6,124928,60,-0.099,0.0901,0.1818,-0.0063,0.0102,0.4814,0.00417,0.0532,54.9,0.7854,0.4295,0.0003,4
2527.3,126976,61,-0.09,0.091,0.1818,-0.0076,0.0213,0.4348,0.00319,0.037,54.9,0.3881,0.3338,0.0003,4
2563.8,129024,62,-0.076,0.0924,0.1941,-0.0075,0.0119,0.4548,0.00326,0.0432,56.5,0.6801,0.4336,0.0003,4
2601.5,131072,63,-0.058,0.0942,0.1941,-0.0044,0.0128,0.4485,0.00262,0.0299,54.9,0.7427,0.3722,0.0003,4
2639.0,133120,64,-0.044,0.0956,0.1941,-0.0096,0.019,0.4606,0.00418,0.0524,55.0,0.5979,0.3786,0.0003,4
2676.7,135168,65,-0.03,0.097,0.1941,-0.0079,0.0162,0.4591,0.00365,0.0414,54.9,0.6553,0.3776,0.0003,4
2714.3,137216,66,-0.021,0.0979,0.1941,-0.0095,0.0182,0.4509,0.00326,0.0372,54.9,0.4929,0.3766,0.0003,4
2750.8,139264,67,-0.01,0.099,0.1949,-0.008,0.0129,0.4743,0.00399,0.0389,56.5,0.6132,0.3886,0.0003,4
2787.3,141312,68,0.002,0.1002,0.1949,-0.0105,0.0039,0.4615,0.00342,0.04,56.6,0.808,0.3748,0.0003,4
2825.0,143360,69,0.019,0.1019,0.1949,-0.0095,0.0151,0.4798,0.00458,0.0502,54.9,0.7276,0.3392,0.0003,4
2862.6,145408,70,0.037,0.1037,0.1949,-0.0094,0.0146,0.4774,0.00314,0.0361,54.9,0.6631,0.3552,0.0003,4
2899.2,147456,71,0.053,0.1053,0.1949,-0.0103,0.0043,0.4383,0.00416,0.0459,56.5,0.8647,0.368,0.0003,4
2935.7,149504,72,0.069,0.1069,0.1949,-0.0078,0.003,0.433,0.00346,0.0457,56.5,0.9159,0.3313,0.0003,4
2973.4,151552,73,0.078,0.1078,0.1949,-0.0041,0.0136,0.4276,0.00386,0.0479,54.9,0.3874,0.4474,0.0003,4
3011.0,153600,74,0.097,0.1097,0.1949,-0.0103,0.0162,0.418,0.00731,0.0864,54.9,0.6547,0.3567,0.0003,4
3047.6,155648,75,0.111,0.1111,0.1949,-0.0028,0.0088,0.4339,0.00368,0.0396,56.5,0.7365,0.4174,0.0003,4
3085.2,157696,76,0.122,0.1122,0.1949,-0.0035,0.0132,0.4366,0.00446,0.0565,54.9,0.6352,0.3037,0.0003,4
3121.7,159744,77,0.131,0.1131,0.1949,-0.0056,0.002,0.392,0.00417,0.0499,56.5,0.9449,0.3779,0.0003,4
3158.3,161792,78,0.146,0.1146,0.1949,-0.0069,0.0017,0.3994,0.004,0.0494,56.5,0.9651,0.3275,0.0003,4
3194.9,163840,79,0.16,0.116,0.1949,-0.0097,0.0099,0.4118,0.00928,0.0837,56.5,0.769,0.2921,0.0003,4
3232.5,165888,80,0.184,0.1184,0.1949,-0.0062,0.0019,0.4089,0.00303,0.0374,54.9,0.9573,0.4279,0.0003,4
3269.1,167936,81,0.198,0.1198,0.1949,-0.0023,0.008,0.3851,0.00268,0.0347,56.5,0.7645,0.4309,0.0003,4
3306.7,169984,82,0.206,0.1206,0.1949,-0.0065,0.0063,0.3834,0.0029,0.0325,54.9,0.8072,0.3707,0.0003,4
3343.3,172032,83,0.213,0.1213,0.1949,-0.0092,0.0041,0.3923,0.00442,0.0449,56.5,0.9046,0.3046,0.0003,4
3379.9,174080,84,0.228,0.1228,0.1949,-0.0053,0.0023,0.3884,0.00316,0.0369,56.5,0.935,0.3502,0.0003,4
3416.4,176128,85,0.239,0.1239,0.1949,-0.0079,0.0012,0.3728,0.00331,0.0425,56.5,0.9728,0.3646,0.0003,4
3454.1,178176,86,0.246,0.1246,0.1949,-0.0035,0.0238,0.3672,0.00241,0.0276,54.9,0.5118,0.3141,0.0003,4
3491.7,180224,87,0.256,0.1256,0.1949,-0.0044,0.0102,0.3724,0.00259,0.0303,54.9,0.6641,0.3848,0.0003,4
3528.2,182272,88,0.269,0.1269,0.1949,-0.0093,0.0017,0.3773,0.00436,0.0551,56.5,0.9515,0.3547,0.0003,4
3564.8,184320,89,0.28,0.128,0.1949,-0.0074,0.0012,0.3876,0.00531,0.0679,56.5,0.9744,0.3952,0.0003,4
3601.3,186368,90,0.288,0.1288,0.1949,-0.0082,0.0014,0.3962,0.00277,0.0354,56.6,0.9721,0.3505,0.0003,4
3639.0,188416,91,0.3,0.13,0.1949,-0.0084,0.0176,0.3996,0.00397,0.054,54.9,0.6563,0.2561,0.0003,4
3676.6,190464,92,0.302,0.1302,0.1949,-0.0041,0.0266,0.415,0.00189,0.0188,54.9,0.4292,0.3573,0.0003,4
3714.2,192512,93,0.317,0.1317,0.1949,-0.007,0.0118,0.412,0.00357,0.0442,54.9,0.7728,0.3415,0.0003,4
3750.8,194560,94,0.326,0.1326,0.1949,-0.0076,0.002,0.4072,0.00321,0.0432,56.5,0.9441,0.339,0.0003,4
3788.4,196608,95,0.331,0.1331,0.1949,-0.0059,0.0059,0.4112,0.00244,0.0267,54.9,0.8329,0.2917,0.0003,4
3826.1,198656,96,0.337,0.1337,0.1949,-0.0072,0.0092,0.4382,0.00536,0.067,54.9,0.8159,0.2231,0.0003,4
3862.6,200704,97,0.344,0.1344,0.1949,-0.0089,0.0023,0.4576,0.00261,0.0314,56.6,0.9312,0.325,0.0003,4
3899.2,202752,98,0.355,0.1355,0.1949,-0.0059,0.0106,0.4695,0.00343,0.0309,56.5,0.699,0.3627,0.0003,4
3936.8,204800,99,0.366,0.1366,0.1949,-0.0128,0.0174,0.4907,0.00863,0.1,55.0,0.636,0.3561,0.0003,4
3974.3,206848,100,0.372,0.1372,0.1949,-0.008,0.0097,0.4953,0.0031,0.0278,55.1,0.7192,0.3232,0.0003,4
4011.9,208896,101,0.383,0.1383,0.1949,-0.0103,0.02,0.4973,0.00457,0.0554,54.9,0.5589,0.3618,0.0003,4
4049.6,210944,102,0.391,0.1391,0.1949,-0.0056,0.0194,0.5048,0.00422,0.0486,54.9,0.5998,0.3428,0.0003,4
4086.2,212992,103,0.392,0.1392,0.1949,-0.0077,0.0158,0.5037,0.00215,0.0205,56.5,0.5611,0.3723,0.0003,4
4123.8,215040,104,0.404,0.1404,0.1949,-0.0096,0.0044,0.5092,0.00349,0.0344,54.9,0.8533,0.3248,0.0003,4
4160.4,217088,105,0.41,0.141,0.1949,-0.0073,0.0019,0.4816,0.00256,0.0282,56.5,0.9523,0.3075,0.0003,4
4196.9,219136,106,0.417,0.1417,0.1949,-0.0081,0.0014,0.479,0.00283,0.0272,56.5,0.9711,0.3652,0.0003,4
4233.5,221184,107,0.423,0.1423,0.1949,-0.0065,0.0124,0.4733,0.00273,0.0315,56.5,0.6865,0.2821,0.0003,4
4271.1,223232,108,0.434,0.1434,0.1949,-0.006,0.0124,0.4896,0.00258,0.0281,54.9,0.7765,0.3054,0.0003,4
4307.7,225280,109,0.444,0.1444,0.1949,-0.0049,0.0117,0.4903,0.00376,0.0457,56.5,0.6757,0.2755,0.0003,4
4345.3,227328,110,0.453,0.1453,0.1949,-0.0073,0.0135,0.4855,0.00295,0.0303,54.9,0.6559,0.314,0.0003,4
4381.9,229376,111,0.464,0.1464,0.1949,-0.0114,0.0064,0.4801,0.00322,0.0358,56.5,0.7982,0.3417,0.0003,4
4418.5,231424,112,0.476,0.1476,0.1949,-0.0088,0.0017,0.4686,0.00383,0.0426,56.5,0.9432,0.376,0.0003,4
4455.0,233472,113,0.485,0.1485,0.1949,-0.0054,0.0137,0.4724,0.00294,0.0303,56.5,0.6384,0.3141,0.0003,4
4491.6,235520,114,0.493,0.1493,0.1949,-0.008,0.0018,0.4925,0.00538,0.0649,56.5,0.9595,0.3053,0.0003,4
4529.2,237568,115,0.504,0.1504,0.1949,-0.0073,0.0011,0.4831,0.0037,0.0442,54.9,0.976,0.3291,0.0003,4
4565.8,239616,116,0.512,0.1512,0.1949,-0.0052,0.0076,0.4837,0.00176,0.0175,56.6,0.6327,0.3156,0.0003,4
4602.3,241664,117,0.515,0.1515,0.1949,-0.0096,0.0061,0.4814,0.00247,0.0248,56.5,0.7935,0.3574,0.0003,4
4638.9,243712,118,0.522,0.1522,0.1949,-0.009,0.0017,0.4732,0.00383,0.0496,56.5,0.9442,0.3358,0.0003,4
4675.4,245760,119,0.527,0.1527,0.1949,-0.0091,0.001,0.4703,0.00471,0.0612,56.6,0.9768,0.3964,0.0003,4
4713.1,247808,120,0.533,0.1533,0.1949,-0.0115,0.0028,0.4603,0.00406,0.0438,54.9,0.9422,0.3057,0.0003,4
4749.7,249856,121,0.538,0.1538,0.1949,-0.0135,0.0078,0.4782,0.00342,0.0398,56.5,0.7059,0.3352,0.0003,4
4786.3,251904,122,0.54,0.154,0.1949,-0.0046,0.0146,0.4772,0.00247,0.031,56.5,0.6226,0.3103,0.0003,4
4823.9,253952,123,0.541,0.1541,0.1949,-0.0047,0.022,0.4941,0.00202,0.0232,54.9,0.3772,0.4168,0.0003,4
4861.5,256000,124,0.55,0.155,0.1949,-0.0116,0.0113,0.4975,0.00536,0.0516,54.9,0.6985,0.3491,0.0003,4
4898.1,258048,125,0.552,0.1552,0.1949,-0.0075,0.0149,0.4776,0.00308,0.0365,56.5,0.593,0.3071,0.0003,4
4935.6,260096,126,0.565,0.1565,0.1949,-0.012,0.0053,0.4782,0.00603,0.0648,55.1,0.8746,0.3313,0.0003,4
4972.2,262144,127,0.572,0.1572,0.1949,-0.0093,0.0036,0.4764,0.00313,0.0376,56.5,0.9211,0.3403,0.0003,4
5008.8,264192,128,0.575,0.1575,0.1949,-0.0068,0.0089,0.4611,0.00347,0.0396,56.4,0.7284,0.361,0.0003,4
5046.5,266240,129,0.579,0.1579,0.1949,-0.0081,0.0163,0.4901,0.00302,0.0358,54.9,0.5578,0.3608,0.0003,4
5083.0,268288,130,0.58,0.158,0.1949,-0.0064,0.0111,0.4835,0.003,0.0322,56.5,0.7039,0.3279,0.0003,4
5119.5,270336,131,0.59,0.159,0.1949,-0.0076,0.0048,0.4753,0.00366,0.0381,56.6,0.8994,0.3207,0.0003,4
5157.0,272384,132,0.598,0.1598,0.1949,-0.0078,0.0032,0.5013,0.00266,0.0233,55.2,0.9258,0.3171,0.0003,4
5193.6,274432,133,0.604,0.1604,0.1949,-0.0095,0.0017,0.5026,0.0038,0.045,56.5,0.9598,0.3188,0.0003,4
5230.1,276480,134,0.607,0.1607,0.1949,-0.0107,0.0033,0.519,0.00297,0.0314,56.5,0.9123,0.3255,0.0003,4
5266.7,278528,135,0.612,0.1612,0.1949,-0.0103,0.0015,0.515,0.00306,0.0277,56.5,0.9655,0.3584,0.0003,4
5303.2,280576,136,0.617,0.1617,0.1949,-0.0129,0.0011,0.5001,0.00403,0.0469,56.5,0.9768,0.3194,0.0003,4
5340.9,282624,137,0.617,0.1617,0.1949,-0.009,0.0206,0.4932,0.00283,0.0321,54.9,0.58,0.3662,0.0003,4
5378.4,284672,138,0.623,0.1623,0.1949,-0.0069,0.0128,0.516,0.00224,0.024,55.0,0.6668,0.321,0.0003,4
5416.1,286720,139,0.625,0.1625,0.1949,-0.0065,0.016,0.5034,0.00407,0.043,54.9,0.6418,0.3169,0.0003,4
5453.7,288768,140,0.632,0.1632,0.1949,-0.007,0.0033,0.4895,0.00266,0.0292,55.0,0.9017,0.2663,0.0003,4
5490.2,290816,141,0.629,0.1629,0.1949,-0.0044,0.0153,0.4767,0.00349,0.0376,56.5,0.5622,0.3106,0.0003,4
5530.0,292864,142,0.621,0.1621,0.1949,-0.0064,0.0354,0.5215,0.00426,0.0452,51.9,0.4849,0.4404,0.0003,4
5567.6,294912,143,0.618,0.1618,0.1949,-0.0084,0.0085,0.4854,0.00394,0.0487,54.9,0.7851,0.3414,0.0003,4
5605.2,296960,144,0.616,0.1616,0.1949,-0.0092,0.0218,0.5051,0.0045,0.0509,54.9,0.3845,0.3617,0.0003,4
5642.7,299008,145,0.617,0.1617,0.1949,-0.0074,0.0047,0.4818,0.00282,0.0311,55.1,0.8507,0.3353,0.0003,4
5679.3,301056,146,0.617,0.1617,0.1949,-0.0054,0.0115,0.4608,0.00229,0.0189,56.5,0.6528,0.3618,0.0003,4
5716.9,303104,147,0.617,0.1617,0.1949,-0.009,0.0057,0.4574,0.00374,0.0437,54.9,0.807,0.2985,0.0003,4
5753.4,305152,148,0.622,0.1622,0.1949,-0.0094,0.0014,0.4543,0.00344,0.0428,56.5,0.9674,0.3839,0.0003,4
5790.0,307200,149,0.621,0.1621,0.1949,-0.0112,0.0062,0.445,0.00477,0.0514,56.5,0.8182,0.3429,0.0003,4
5826.6,309248,150,0.626,0.1626,0.1949,-0.0076,0.0013,0.4273,0.00348,0.0394,56.5,0.9553,0.3176,0.0003,4
5864.2,311296,151,0.629,0.1629,0.1949,-0.0033,0.0023,0.4309,0.00328,0.0431,54.9,0.9554,0.3775,0.0003,4
5900.8,313344,152,0.625,0.1625,0.1949,-0.0055,0.0108,0.4319,0.00291,0.0371,56.5,0.7155,0.3568,0.0003,4
5937.4,315392,153,0.625,0.1625,0.1949,-0.0069,0.0012,0.4203,0.00337,0.0406,56.4,0.9571,0.3442,0.0003,4
5975.0,317440,154,0.633,0.1633,0.1949,-0.0078,0.0083,0.467,0.00451,0.0531,54.9,0.8482,0.3052,0.0003,4
6011.6,319488,155,0.632,0.1632,0.1949,-0.0144,0.0071,0.4739,0.00562,0.0531,56.5,0.7778,0.2973,0.0003,4
6049.2,321536,156,0.631,0.1631,0.1949,-0.0086,0.0086,0.4726,0.00412,0.0488,54.9,0.8004,0.2515,0.0003,4
6086.8,323584,157,0.632,0.1632,0.1949,-0.0049,0.0237,0.4902,0.00245,0.0221,54.9,0.4938,0.3374,0.0003,4
6123.3,325632,158,0.632,0.1632,0.1949,-0.0079,0.0022,0.4893,0.00333,0.0377,56.6,0.9438,0.341,0.0003,4
6159.9,327680,159,0.632,0.1632,0.1949,-0.0083,0.0013,0.4753,0.00352,0.0385,56.5,0.9692,0.3489,0.0003,4
6196.5,329728,160,0.632,0.1632,0.1949,-0.0058,0.0094,0.4865,0.00338,0.0292,56.5,0.7218,0.3735,0.0003,4
6233.1,331776,161,0.632,0.1632,0.1949,-0.0082,0.0017,0.4803,0.00308,0.0339,56.5,0.949,0.3271,0.0003,4
6270.7,333824,162,0.627,0.1627,0.1949,-0.0046,0.0133,0.481,0.00466,0.0481,54.9,0.7559,0.4015,0.0003,4
6307.3,335872,163,0.634,0.1634,0.1949,-0.0082,0.0012,0.4649,0.00442,0.0499,56.5,0.965,0.3561,0.0003,4
6343.9,337920,164,0.636,0.1636,0.1949,-0.0095,0.0009,0.4823,0.00379,0.0415,56.5,0.9834,0.3598,0.0003,4
6380.5,339968,165,0.636,0.1636,0.1949,-0.0088,0.0007,0.4768,0.00388,0.0454,56.5,0.9876,0.3524,0.0003,4
6417.1,342016,166,0.634,0.1634,0.1949,-0.0092,0.0071,0.4835,0.00298,0.038,56.5,0.8061,0.3705,0.0003,4
6454.7,344064,167,0.632,0.1632,0.1949,-0.0106,0.0161,0.5122,0.00556,0.0691,54.9,0.7395,0.3405,0.0003,4
6491.3,346112,168,0.64,0.164,0.1949,-0.0102,0.0104,0.5071,0.00441,0.0493,56.5,0.6728,0.3364,0.0003,4
6527.8,348160,169,0.642,0.1642,0.1949,-0.0116,0.0014,0.5396,0.00382,0.0469,56.6,0.9605,0.3287,0.0003,4
6565.5,350208,170,0.641,0.1641,0.1949,-0.0055,0.0014,0.5277,0.00317,0.0265,54.9,0.9708,0.2562,0.0003,4
6602.1,352256,171,0.638,0.1638,0.1949,-0.0074,0.0106,0.5187,0.00216,0.0181,56.5,0.6111,0.356,0.0003,4
6638.7,354304,172,0.633,0.1633,0.1949,-0.0067,0.0134,0.5101,0.00313,0.0276,56.5,0.7208,0.3173,0.0003,4
6676.3,356352,173,0.647,0.1647,0.1949,-0.0118,0.0014,0.4984,0.00301,0.0353,55.0,0.975,0.3183,0.0003,4
6712.9,358400,174,0.652,0.1652,0.1949,-0.0094,0.009,0.494,0.00249,0.0236,56.5,0.7399,0.3022,0.0003,4
6749.5,360448,175,0.651,0.1651,0.1949,-0.006,0.0151,0.4892,0.0032,0.0356,56.5,0.694,0.3325,0.0003,4
6787.0,362496,176,0.646,0.1646,0.1949,-0.0083,0.0148,0.5324,0.00223,0.0179,55.1,0.4703,0.3098,0.0003,4
6825.7,364544,177,0.646,0.1646,0.1949,-0.0071,0.027,0.5156,0.00224,0.0188,53.4,0.509,0.3354,0.0003,4
6862.2,366592,178,0.643,0.1643,0.1949,-0.0079,0.0114,0.4943,0.0049,0.0596,56.5,0.6785,0.2975,0.0003,4
6899.9,368640,179,0.64,0.164,0.1949,-0.0091,0.014,0.5184,0.00414,0.0507,54.9,0.7451,0.313,0.0003,4
6936.5,370688,180,0.639,0.1639,0.1949,-0.0047,0.0163,0.4846,0.00398,0.0345,56.5,0.4279,0.3215,0.0003,4
6974.0,372736,181,0.648,0.1648,0.1949,-0.0091,0.0026,0.4826,0.00406,0.0453,55.1,0.9388,0.3915,0.0003,4
7012.7,374784,182,0.634,0.1634,0.1949,-0.007,0.0329,0.4985,0.00347,0.0321,53.4,0.4415,0.3975,0.0003,4
7049.2,376832,183,0.638,0.1638,0.1949,-0.0098,0.0026,0.4612,0.00386,0.0417,56.5,0.9236,0.3946,0.0003,4
7086.9,378880,184,0.642,0.1642,0.1949,-0.0094,0.0124,0.4894,0.00361,0.0419,54.9,0.648,0.3715,0.0003,4
7124.5,380928,185,0.639,0.1639,0.196,-0.01,0.0034,0.4861,0.00574,0.0771,54.9,0.9184,0.3701,0.0003,4
7161.1,382976,186,0.634,0.1634,0.196,-0.0096,0.0113,0.4883,0.00528,0.0636,56.5,0.716,0.3655,0.0003,4
7197.7,385024,187,0.634,0.1634,0.196,-0.0096,0.0018,0.4739,0.00289,0.0336,56.5,0.9575,0.3573,0.0003,4
7235.3,387072,188,0.631,0.1631,0.196,-0.0104,0.0137,0.5048,0.0041,0.043,54.9,0.7535,0.3561,0.0003,4
7271.9,389120,189,0.635,0.1635,0.196,-0.0109,0.0015,0.4818,0.00539,0.0693,56.5,0.9569,0.3897,0.0003,4
7309.5,391168,190,0.634,0.1634,0.196,-0.008,0.0169,0.5121,0.0035,0.0422,54.9,0.6027,0.432,0.0003,4
7346.1,393216,191,0.634,0.1634,0.196,-0.0096,0.0124,0.5006,0.00588,0.0718,56.5,0.6853,0.3363,0.0003,4
7383.7,395264,192,0.627,0.1627,0.196,-0.0099,0.0122,0.4939,0.0031,0.0364,55.0,0.5399,0.3584,0.0003,4
7420.3,397312,193,0.625,0.1625,0.196,-0.0082,0.0097,0.5062,0.00493,0.0643,56.5,0.7731,0.3981,0.0003,4
7456.9,399360,194,0.629,0.1629,0.196,-0.0082,0.0021,0.5156,0.00382,0.0438,56.5,0.9365,0.3704,0.0003,4
7494.5,401408,195,0.628,0.1628,0.196,-0.0062,0.0027,0.5024,0.00372,0.0327,54.9,0.9452,0.3375,0.0003,4
7531.1,403456,196,0.625,0.1625,0.196,-0.0057,0.0083,0.5102,0.00198,0.0187,56.5,0.7749,0.3419,0.0003,4
7567.6,405504,197,0.624,0.1624,0.196,-0.0068,0.0136,0.4995,0.00247,0.0255,56.5,0.6063,0.2923,0.0003,4
7605.2,407552,198,0.622,0.1622,0.196,-0.0122,0.0097,0.545,0.00606,0.0638,55.0,0.7755,0.3126,0.0003,4
7642.7,409600,199,0.608,0.1608,0.196,-0.0077,0.0202,0.5358,0.00279,0.0256,55.2,0.3859,0.3332,0.0003,4
7681.1,411648,200,0.599,0.1599,0.196,-0.0072,0.0178,0.5142,0.00372,0.0352,53.7,0.5989,0.3344,0.0003,4
7717.7,413696,201,0.6,0.16,0.196,-0.0078,0.0117,0.4976,0.00243,0.0208,56.5,0.6504,0.3488,0.0003,4
7754.2,415744,202,0.601,0.1601,0.196,-0.01,0.0036,0.5061,0.00349,0.0442,56.5,0.8785,0.3524,0.0003,4
7790.8,417792,203,0.608,0.1608,0.196,-0.0086,0.0052,0.501,0.00443,0.0398,56.5,0.8457,0.3348,0.0003,4
7827.3,419840,204,0.609,0.1609,0.196,-0.0075,0.0017,0.4976,0.00403,0.0485,56.5,0.9546,0.3592,0.0003,4
7864.8,421888,205,0.616,0.1616,0.196,-0.0097,0.0015,0.5028,0.00502,0.0629,55.1,0.97,0.3137,0.0003,4
7902.4,423936,206,0.604,0.1604,0.196,-0.0052,0.0256,0.4908,0.0031,0.0321,55.0,0.494,0.3359,0.0003,4
7939.0,425984,207,0.605,0.1605,0.196,-0.0097,0.0015,0.4772,0.0043,0.0496,56.5,0.9582,0.3344,0.0003,4
7975.6,428032,208,0.608,0.1608,0.196,-0.0106,0.0009,0.4796,0.00294,0.0341,56.5,0.9816,0.3166,0.0003,4
8012.2,430080,209,0.61,0.161,0.196,-0.0092,0.0036,0.4961,0.00362,0.0436,56.5,0.9045,0.3458,0.0003,4
8049.7,432128,210,0.612,0.1612,0.196,-0.0081,0.0115,0.4916,0.00222,0.0248,55.0,0.507,0.374,0.0003,4
