wall,env_steps,episode,return,best_percent,steps,complete,dead
31.6,600,1,0.0,0.0,600,0,0
65.5,1200,2,0.0,0.0,600,0,0
99.6,1800,3,0.0,0.0,600,0,0
133.7,2400,4,0.0,0.0,600,0,0
7.0,2784,1,-0.631,0.0369,224,0,1
14.9,2971,2,-0.637,0.0363,187,0,1
20.5,3159,3,-0.634,0.0366,188,0,1
24.7,3345,4,-0.639,0.0361,186,0,1
28.9,3536,5,-0.63,0.037,191,0,1
33.2,3720,6,-0.618,0.0382,184,0,1
35.9,3818,7,-0.81,0.019,98,0,1
41.7,4102,8,-0.449,0.0551,284,0,1
46.0,4293,9,-0.629,0.0371,191,0,1
51.8,4579,10,-0.445,0.0555,286,0,1
56.0,4759,11,-0.63,0.037,180,0,1
60.2,4948,12,-0.633,0.0367,189,0,1
62.9,5046,13,-0.81,0.019,98,0,1
67.1,5237,14,-0.63,0.037,191,0,1
71.3,5426,15,-0.633,0.0367,189,0,1
74.0,5524,16,-0.81,0.019,98,0,1
76.8,5628,17,-0.798,0.0202,104,0,1
81.1,5813,18,-0.622,0.0378,185,0,1
85.4,6008,19,-0.622,0.0378,195,0,1
88.1,6106,20,-0.81,0.019,98,0,1
92.4,6301,21,-0.622,0.0378,195,0,1
98.5,6607,22,-0.407,0.0593,306,0,1
102.7,6787,23,-0.633,0.0367,180,0,1
106.9,6976,24,-0.633,0.0367,189,0,1
111.2,7170,25,-0.624,0.0376,194,0,1
115.4,7363,26,-0.625,0.0375,193,0,1
119.7,7557,27,-0.624,0.0376,194,0,1
122.5,7661,28,-0.799,0.0201,104,0,1
126.7,7840,29,-0.635,0.0365,179,0,1
129.4,7938,30,-0.81,0.019,98,0,1
132.1,8036,31,-0.81,0.019,98,0,1
137.9,8322,32,-0.445,0.0555,286,0,1
140.5,8420,33,-0.81,0.019,98,0,1
6.8,8921,1,-0.641,0.0359,217,0,1
11.9,9019,2,-0.81,0.019,98,0,1
23.4,9474,3,-0.114,0.0886,455,0,1
26.0,9572,4,-0.81,0.019,98,0,1
30.3,9753,5,-0.627,0.0373,181,0,1
33.0,9851,6,-0.81,0.019,98,0,1
38.6,10128,7,-0.462,0.0538,277,0,1
44.4,10410,8,-0.453,0.0547,282,0,1
47.1,10508,9,-0.81,0.019,98,0,1
53.2,10804,10,-0.407,0.0593,296,0,1
57.6,11001,11,-0.618,0.0382,197,0,1
60.4,11104,12,-0.801,0.0199,103,0,1
70.9,11388,13,-0.449,0.0551,284,0,1
79.0,11582,14,-0.624,0.0376,194,0,1
83.5,11773,15,-0.63,0.037,191,0,1
86.2,11861,16,-0.81,0.019,88,0,1
91.9,12138,17,-0.462,0.0538,277,0,1
97.7,12424,18,-0.445,0.0555,286,0,1
102.0,12620,19,-0.62,0.038,196,0,1
106.3,12805,20,-0.622,0.0378,185,0,1
110.6,13002,21,-0.618,0.0382,197,0,1
114.9,13195,22,-0.626,0.0374,193,0,1
119.2,13389,23,-0.624,0.0376,194,0,1
123.3,13574,24,-0.641,0.0359,185,0,1
127.5,13762,25,-0.635,0.0365,188,0,1
133.2,14030,26,-0.459,0.0541,268,0,1
137.5,14227,27,-0.618,0.0382,197,0,1
140.2,14325,28,-0.81,0.019,98,0,1
144.5,14520,29,-0.622,0.0378,195,0,1
150.3,14805,30,-0.447,0.0553,285,0,1
156.0,15079,31,-0.451,0.0549,274,0,1
160.3,15275,32,-0.62,0.038,196,0,1
166.1,15554,33,-0.459,0.0541,279,0,1
170.2,15741,34,-0.637,0.0363,187,0,1
173.0,15845,35,-0.799,0.0201,104,0,1
177.3,16032,36,-0.62,0.038,187,0,1
183.0,16310,37,-0.461,0.0539,278,0,1
187.2,16495,38,-0.641,0.0359,185,0,1
191.5,16689,39,-0.624,0.0376,194,0,1
195.6,16877,40,-0.636,0.0364,188,0,1
199.9,17056,41,-0.63,0.037,179,0,1
204.1,17246,42,-0.631,0.0369,190,0,1
206.8,17350,43,-0.798,0.0202,104,0,1
209.6,17453,44,-0.801,0.0199,103,0,1
213.8,17644,45,-0.63,0.037,191,0,1
218.1,17840,46,-0.62,0.038,196,0,1
220.8,17928,47,-0.81,0.019,88,0,1
225.1,18123,48,-0.622,0.0378,195,0,1
229.4,18317,49,-0.624,0.0376,194,0,1
235.1,18594,50,-0.462,0.0538,277,0,1
241.2,18900,51,-0.407,0.0593,306,0,1
245.5,19084,52,-0.626,0.0374,184,0,1
249.8,19281,53,-0.618,0.0382,197,0,1
255.6,19564,54,-0.451,0.0549,283,0,1
261.5,19850,55,-0.445,0.0555,286,0,1
267.2,20122,56,-0.453,0.0547,272,0,1
271.5,20316,57,-0.624,0.0376,194,0,1
274.3,20421,58,-0.797,0.0203,105,0,1
277.1,20526,59,-0.797,0.0203,105,0,1
281.3,20718,60,-0.628,0.0372,192,0,1
285.5,20910,61,-0.627,0.0373,192,0,1
291.3,21182,62,-0.453,0.0547,272,0,1
295.6,21378,63,-0.62,0.038,196,0,1
299.9,21569,64,-0.63,0.037,191,0,1
304.1,21760,65,-0.629,0.0371,191,0,1
308.2,21947,66,-0.637,0.0363,187,0,1
312.5,22129,67,-0.63,0.037,182,0,1
316.7,22319,68,-0.631,0.0369,190,0,1
322.4,22598,69,-0.459,0.0541,279,0,1
326.7,22790,70,-0.628,0.0372,192,0,1
330.9,22980,71,-0.631,0.0369,190,0,1
335.1,23162,72,-0.63,0.037,182,0,1
339.3,23352,73,-0.631,0.0369,190,0,1
342.1,23456,74,-0.799,0.0201,104,0,1
344.9,23561,75,-0.797,0.0203,105,0,1
350.6,23843,76,-0.453,0.0547,282,0,1
354.9,24035,77,-0.628,0.0372,192,0,1
359.1,24213,78,-0.635,0.0365,178,0,1
363.3,24406,79,-0.626,0.0374,193,0,1
367.5,24593,80,-0.637,0.0363,187,0,1
371.7,24780,81,-0.637,0.0363,187,0,1
376.0,24975,82,-0.622,0.0378,195,0,1
381.7,25245,83,-0.456,0.0544,270,0,1
384.5,25350,84,-0.797,0.0203,105,0,1
388.7,25541,85,-0.63,0.037,191,0,1
394.5,25822,86,-0.454,0.0546,281,0,1
398.7,26012,87,-0.631,0.0369,190,0,1
401.6,26113,88,-0.797,0.0203,101,0,1
405.8,26309,89,-0.62,0.038,196,0,1
410.0,26496,90,-0.637,0.0363,187,0,1
414.1,26683,91,-0.637,0.0363,187,0,1
416.9,26788,92,-0.797,0.0203,105,0,1
421.1,26981,93,-0.626,0.0374,193,0,1
423.9,27084,94,-0.8,0.02,103,0,1
429.6,27354,95,-0.458,0.0542,270,0,1
433.8,27545,96,-0.63,0.037,191,0,1
438.1,27736,97,-0.63,0.037,191,0,1
442.3,27927,98,-0.63,0.037,191,0,1
446.6,28118,99,-0.63,0.037,191,0,1
449.4,28214,100,-0.797,0.0203,96,0,1
453.5,28399,101,-0.641,0.0359,185,0,1
456.2,28502,102,-0.801,0.0199,103,0,1
460.4,28691,103,-0.633,0.0367,189,0,1
464.6,28877,104,-0.639,0.0361,186,0,1
468.8,29068,105,-0.63,0.037,191,0,1
473.0,29246,106,-0.635,0.0365,178,0,1
478.7,29523,107,-0.462,0.0538,277,0,1
482.9,29717,108,-0.624,0.0376,194,0,1
487.2,29908,109,-0.63,0.037,191,0,1
491.4,30097,110,-0.633,0.0367,189,0,1
497.0,30366,111,-0.462,0.0538,269,0,1
499.8,30471,112,-0.797,0.0203,105,0,1
502.6,30574,113,-0.801,0.0199,103,0,1
506.8,30764,114,-0.631,0.0369,190,0,1
510.9,30950,115,-0.639,0.0361,186,0,1
515.2,31142,116,-0.628,0.0372,192,0,1
518.0,31236,117,-0.798,0.0202,94,0,1
522.2,31427,118,-0.63,0.037,191,0,1
526.5,31621,119,-0.624,0.0376,194,0,1
530.7,31812,120,-0.63,0.037,191,0,1
534.9,32001,121,-0.633,0.0367,189,0,1
539.1,32193,122,-0.628,0.0372,192,0,1
543.3,32372,123,-0.635,0.0365,179,0,1
547.6,32565,124,-0.626,0.0374,193,0,1
550.4,32669,125,-0.798,0.0202,104,0,1
554.5,32854,126,-0.641,0.0359,185,0,1
558.7,33042,127,-0.635,0.0365,188,0,1
561.5,33147,128,-0.797,0.0203,105,0,1
565.8,33334,129,-0.618,0.0382,187,0,1
571.5,33611,130,-0.462,0.0538,277,0,1
575.7,33802,131,-0.63,0.037,191,0,1
580.0,33997,132,-0.622,0.0378,195,0,1
584.4,34194,133,-0.618,0.0382,197,0,1
588.7,34380,134,-0.62,0.038,186,0,1
592.9,34571,135,-0.63,0.037,191,0,1
597.1,34762,136,-0.63,0.037,191,0,1
599.9,34867,137,-0.797,0.0203,105,0,1
604.3,35064,138,-0.618,0.0382,197,0,1
608.5,35255,139,-0.63,0.037,191,0,1
612.7,35433,140,-0.637,0.0363,178,0,1
618.3,35711,141,-0.46,0.054,278,0,1
621.1,35816,142,-0.797,0.0203,105,0,1
626.9,36101,143,-0.447,0.0553,285,0,1
637.2,36647,144,0.079,0.1079,546,0,1
646.1,37114,145,-0.093,0.0907,467,0,1
650.3,37305,146,-0.629,0.0371,191,0,1
656.1,37578,147,-0.453,0.0547,273,0,1
660.3,37769,148,-0.629,0.0371,191,0,1
666.0,38047,149,-0.46,0.054,278,0,1
670.2,38232,150,-0.641,0.0359,185,0,1
674.4,38417,151,-0.623,0.0377,185,0,1
678.6,38604,152,-0.637,0.0363,187,0,1
682.8,38793,153,-0.633,0.0367,189,0,1
685.6,38897,154,-0.799,0.0201,104,0,1
689.7,39082,155,-0.641,0.0359,185,0,1
694.0,39277,156,-0.622,0.0378,195,0,1
696.8,39382,157,-0.797,0.0203,105,0,1
702.5,39653,158,-0.456,0.0544,271,0,1
706.7,39840,159,-0.637,0.0363,187,0,1
710.8,40025,160,-0.641,0.0359,185,0,1
715.0,40211,161,-0.639,0.0361,186,0,1
717.7,40315,162,-0.798,0.0202,104,0,1
722.0,40501,163,-0.622,0.0378,186,0,1
727.7,40778,164,-0.462,0.0538,277,0,1
730.5,40881,165,-0.801,0.0199,103,0,1
734.7,41071,166,-0.631,0.0369,190,0,1
738.8,41258,167,-0.637,0.0363,187,0,1
741.6,41362,168,-0.799,0.0201,104,0,1
745.9,41547,169,-0.622,0.0378,185,0,1
751.6,41824,170,-0.462,0.0538,277,0,1
755.7,42009,171,-0.641,0.0359,185,0,1
759.8,42194,172,-0.641,0.0359,185,0,1
762.6,42299,173,-0.797,0.0203,105,0,1
768.3,42565,174,-0.462,0.0538,266,0,1
774.0,42845,175,-0.457,0.0543,280,0,1
784.3,43396,176,0.071,0.1071,551,0,1
788.5,43581,177,-0.624,0.0376,185,0,1
794.2,43859,178,-0.461,0.0539,278,0,1
798.4,44046,179,-0.637,0.0363,187,0,1
804.1,44329,180,-0.451,0.0549,283,0,1
808.3,44517,181,-0.635,0.0365,188,0,1
811.0,44607,182,-0.809,0.0191,90,0,1
816.8,44889,183,-0.453,0.0547,282,0,1
820.9,45077,184,-0.635,0.0365,188,0,1
825.2,45271,185,-0.624,0.0376,194,0,1
829.5,45463,186,-0.628,0.0372,192,0,1
833.8,45648,187,-0.624,0.0376,185,0,1
839.6,45932,188,-0.449,0.0551,284,0,1
845.3,46216,189,-0.449,0.0551,284,0,1
849.6,46411,190,-0.622,0.0378,195,0,1
855.3,46680,191,-0.459,0.0541,269,0,1
858.0,46778,192,-0.81,0.019,98,0,1
862.2,46963,193,-0.641,0.0359,185,0,1
864.9,47068,194,-0.797,0.0203,105,0,1
869.3,47265,195,-0.618,0.0382,197,0,1
875.0,47545,196,-0.457,0.0543,280,0,1
877.8,47639,197,-0.798,0.0202,94,0,1
883.5,47921,198,-0.453,0.0547,282,0,1
887.7,48112,199,-0.63,0.037,191,0,1
892.0,48302,200,-0.631,0.0369,190,0,1
896.1,48489,201,-0.637,0.0363,187,0,1
901.8,48759,202,-0.459,0.0541,270,0,1
906.1,48954,203,-0.622,0.0378,195,0,1
910.3,49141,204,-0.637,0.0363,187,0,1
916.0,49424,205,-0.451,0.0549,283,0,1
920.3,49615,206,-0.63,0.037,191,0,1
926.1,49890,207,-0.45,0.055,275,0,1
928.8,49994,208,-0.799,0.0201,104,0,1
934.5,50274,209,-0.456,0.0544,280,0,1
943.2,50721,210,-0.114,0.0886,447,0,1
947.4,50914,211,-0.625,0.0375,193,0,1
950.2,51019,212,-0.797,0.0203,105,0,1
956.0,51305,213,-0.445,0.0555,286,0,1
961.7,51582,214,-0.462,0.0538,277,0,1
972.0,52126,215,0.075,0.1075,544,0,1
976.1,52311,216,-0.641,0.0359,185,0,1
981.7,52588,217,-0.462,0.0538,277,0,1
987.5,52863,218,-0.449,0.0551,275,0,1
990.3,52967,219,-0.798,0.0202,104,0,1
994.6,53162,220,-0.622,0.0378,195,0,1
1000.3,53443,221,-0.455,0.0545,281,0,1
1003.1,53548,222,-0.797,0.0203,105,0,1
1013.4,54093,223,0.077,0.1077,545,0,1
1019.1,54376,224,-0.451,0.0549,283,0,1
1024.9,54660,225,-0.448,0.0552,284,0,1
1031.1,54956,226,-0.407,0.0593,296,0,1
1036.9,55241,227,-0.447,0.0553,285,0,1
1042.5,55518,228,-0.462,0.0538,277,0,1
1054.3,56148,229,0.244,0.1244,630,0,1
1060.0,56433,230,-0.447,0.0553,285,0,1
1065.8,56713,231,-0.457,0.0543,280,0,1
1070.0,56896,232,-0.626,0.0374,183,0,1
1074.3,57086,233,-0.631,0.0369,190,0,1
1080.0,57368,234,-0.453,0.0547,282,0,1
1090.3,57914,235,0.081,0.1081,546,0,1
1100.5,58463,236,0.068,0.1068,549,0,1
1106.3,58748,237,-0.447,0.0553,285,0,1
1112.9,59071,238,-0.354,0.0646,323,0,1
1118.6,59348,239,-0.462,0.0538,277,0,1
1124.2,59625,240,-0.462,0.0538,277,0,1
1130.1,59905,241,-0.449,0.0551,280,0,1
1135.8,60188,242,-0.451,0.0549,283,0,1
1141.6,60474,243,-0.445,0.0555,286,0,1
1147.3,60759,244,-0.447,0.0553,285,0,1
1153.1,61029,245,-0.457,0.0543,270,0,1
1158.9,61314,246,-0.447,0.0553,285,0,1
1167.7,61781,247,-0.093,0.0907,467,0,1
1173.5,62057,248,-0.447,0.0553,276,0,1
1176.3,62161,249,-0.799,0.0201,104,0,1
1182.1,62447,250,-0.445,0.0555,286,0,1
1186.3,62638,251,-0.63,0.037,191,0,1
1192.1,62920,252,-0.453,0.0547,282,0,1
1197.8,63190,253,-0.459,0.0541,270,0,1
1203.5,63471,254,-0.455,0.0545,281,0,1
1209.3,63754,255,-0.451,0.0549,283,0,1
1215.0,64025,256,-0.455,0.0545,271,0,1
1220.8,64309,257,-0.449,0.0551,284,0,1
1231.1,64866,258,0.082,0.1082,557,0,1
1235.3,65046,259,-0.631,0.0369,180,0,1
1241.0,65326,260,-0.456,0.0544,280,0,1
1246.8,65608,261,-0.453,0.0547,282,0,1
1249.5,65712,262,-0.799,0.0201,104,0,1
1253.7,65899,263,-0.637,0.0363,187,0,1
1259.5,66175,264,-0.448,0.0552,276,0,1
1265.2,66456,265,-0.455,0.0545,281,0,1
1270.9,66735,266,-0.458,0.0542,279,0,1
1275.2,66929,267,-0.624,0.0376,194,0,1
1279.4,67107,268,-0.638,0.0362,178,0,1
1285.2,67392,269,-0.447,0.0553,285,0,1
1289.5,67588,270,-0.62,0.038,196,0,1
1295.3,67871,271,-0.451,0.0549,283,0,1
1299.6,68067,272,-0.62,0.038,196,0,1
1305.2,68336,273,-0.461,0.0539,269,0,1
1310.9,68616,274,-0.456,0.0544,280,0,1
1316.7,68900,275,-0.45,0.055,284,0,1
1322.5,69172,276,-0.455,0.0545,272,0,1
1328.2,69456,277,-0.449,0.0551,284,0,1
1334.0,69741,278,-0.447,0.0553,285,0,1
1336.7,69839,279,-0.81,0.019,98,0,1
1342.4,70119,280,-0.456,0.0544,280,0,1
1346.5,70295,281,-0.641,0.0359,176,0,1
1352.3,70578,282,-0.452,0.0548,283,0,1
1358.5,70884,283,-0.407,0.0593,306,0,1
1364.4,71169,284,-0.447,0.0553,285,0,1
1370.0,71450,285,-0.455,0.0545,281,0,1
1375.8,71735,286,-0.447,0.0553,285,0,1
1381.5,72018,287,-0.451,0.0549,283,0,1
1385.7,72194,288,-0.641,0.0359,176,0,1
1395.9,72747,289,0.075,0.1075,553,0,1
1404.6,73203,290,-0.114,0.0886,456,0,1
1414.9,73750,291,0.081,0.1081,547,0,1
1420.7,74034,292,-0.449,0.0551,284,0,1
1429.3,74481,293,-0.114,0.0886,447,0,1
1435.0,74759,294,-0.461,0.0539,278,0,1
1440.8,75045,295,-0.445,0.0555,286,0,1
1451.7,75625,296,0.144,0.1144,580,0,1
1457.4,75905,297,-0.457,0.0543,280,0,1
1463.1,76185,298,-0.457,0.0543,280,0,1
1468.9,76461,299,-0.447,0.0553,276,0,1
1474.7,76745,300,-0.449,0.0551,284,0,1
1480.4,77026,301,-0.455,0.0545,281,0,1
1486.2,77307,302,-0.455,0.0545,281,0,1
1491.9,77579,303,-0.453,0.0547,272,0,1
1497.7,77863,304,-0.449,0.0551,284,0,1
1503.4,78142,305,-0.459,0.0541,279,0,1
1509.2,78419,306,-0.445,0.0555,277,0,1
1515.0,78703,307,-0.449,0.0551,284,0,1
1520.7,78987,308,-0.449,0.0551,284,0,1
1526.6,79272,309,-0.447,0.0553,285,0,1
1532.4,79549,310,-0.445,0.0555,277,0,1
1538.2,79833,311,-0.449,0.0551,284,0,1
1544.0,80119,312,-0.445,0.0555,286,0,1
1554.3,80665,313,0.079,0.1079,546,0,1
1564.6,81221,314,0.081,0.1081,556,0,1
1570.3,81489,315,-0.461,0.0539,268,0,1
1576.4,81795,316,-0.407,0.0593,306,0,1
1582.2,82079,317,-0.449,0.0551,284,0,1
1588.0,82365,318,-0.445,0.0555,286,0,1
1593.8,82642,319,-0.445,0.0555,277,0,1
1599.6,82926,320,-0.45,0.055,284,0,1
1603.7,83112,321,-0.637,0.0363,186,0,1
1609.6,83398,322,-0.445,0.0555,286,0,1
1615.3,83668,323,-0.457,0.0543,270,0,1
1626.2,84257,324,0.144,0.1144,589,0,1
1631.9,84527,325,-0.459,0.0541,270,0,1
1642.2,85085,326,0.085,0.1085,558,0,1
1648.0,85369,327,-0.449,0.0551,284,0,1
1658.2,85910,328,0.07,0.107,541,0,1
1668.4,86459,329,0.067,0.1067,549,0,1
1679.3,87039,330,0.144,0.1144,580,0,1
1689.5,87579,331,0.07,0.107,540,0,1
1696.1,87911,332,-0.354,0.0646,332,0,1
1706.4,88468,333,0.083,0.1083,557,0,1
1716.7,89016,334,0.085,0.1085,548,0,1
1722.4,89293,335,-0.462,0.0538,277,0,1
1731.3,89751,336,-0.093,0.0907,458,0,1
1737.0,90035,337,-0.449,0.0551,284,0,1
1742.7,90314,338,-0.459,0.0541,279,0,1
1748.4,90592,339,-0.461,0.0539,278,0,1
1754.2,90868,340,-0.445,0.0555,276,0,1
1760.0,91150,341,-0.453,0.0547,282,0,1
1765.6,91427,342,-0.462,0.0538,277,0,1
1771.3,91696,343,-0.461,0.0539,269,0,1
1777.1,91977,344,-0.455,0.0545,281,0,1
1782.9,92263,345,-0.445,0.0555,286,0,1
1787.1,92455,346,-0.628,0.0372,192,0,1
1793.0,92731,347,-0.445,0.0555,276,0,1
1798.6,93008,348,-0.462,0.0538,277,0,1
1804.4,93291,349,-0.451,0.0549,283,0,1
1814.8,93840,350,0.085,0.1085,549,0,1
1825.1,94396,351,0.081,0.1081,556,0,1
1830.9,94679,352,-0.451,0.0549,283,0,1
1841.1,95224,353,0.077,0.1077,545,0,1
1846.9,95509,354,-0.447,0.0553,285,0,1
1852.6,95778,355,-0.46,0.054,269,0,1
1858.4,96064,356,-0.445,0.0555,286,0,1
1864.3,96350,357,-0.445,0.0555,286,0,1
1874.5,96891,358,0.07,0.107,541,0,1
1883.1,97347,359,-0.114,0.0886,456,0,1
1888.9,97632,360,-0.447,0.0553,285,0,1
1893.2,97814,361,-0.627,0.0373,182,0,1
1901.8,98270,362,-0.114,0.0886,456,0,1
1907.6,98555,363,-0.447,0.0553,285,0,1
1913.3,98823,364,-0.462,0.0538,268,0,1
1925.0,99463,365,0.244,0.1244,640,0,1
1930.7,99740,366,-0.462,0.0538,277,0,1
1940.9,100282,367,0.071,0.1071,542,0,1
1951.2,100840,368,0.085,0.1085,558,0,1
1961.6,101387,369,0.081,0.1081,547,0,1
1967.2,101664,370,-0.462,0.0538,277,0,1
1973.0,101940,371,-0.447,0.0553,276,0,1
1984.6,102574,372,0.233,0.1233,634,0,1
1995.5,103154,373,0.144,0.1144,580,0,1
2001.6,103460,374,-0.407,0.0593,306,0,1
2010.2,103916,375,-0.114,0.0886,456,0,1
2018.9,104363,376,-0.114,0.0886,447,0,1
2030.6,104992,377,0.244,0.1244,629,0,1
2040.9,105548,378,0.081,0.1081,556,0,1
2051.3,106095,379,0.081,0.1081,547,0,1
2061.6,106650,380,0.079,0.1079,555,0,1
2071.9,107197,381,0.083,0.1083,547,0,1
2082.2,107753,382,0.081,0.1081,556,0,1
2088.4,108050,383,-0.407,0.0593,297,0,1
2094.1,108329,384,-0.459,0.0541,279,0,1
2104.4,108884,385,0.079,0.1079,555,0,1
2108.5,109059,386,-0.641,0.0359,175,0,1
2118.8,109615,387,0.081,0.1081,556,0,1
2123.0,109801,388,-0.639,0.0361,186,0,1
2133.3,110344,389,0.085,0.1085,543,0,1
2143.5,110893,390,0.068,0.1068,549,0,1
2147.6,111078,391,-0.641,0.0359,185,0,1
2153.3,111350,392,-0.455,0.0545,272,0,1
2164.2,111937,393,0.144,0.1144,587,0,1
2170.8,112259,394,-0.354,0.0646,322,0,1
2181.6,112848,395,0.144,0.1144,589,0,1
2192.5,113428,396,0.144,0.1144,580,0,1
2207.1,114231,397,0.581,0.1581,803,0,1
2211.2,114416,398,-0.641,0.0359,185,0,1
2217.4,114722,399,-0.407,0.0593,306,0,1
2228.3,115306,400,0.152,0.1152,584,0,1
2237.2,115774,401,-0.091,0.0909,468,0,1
2245.9,116225,402,-0.114,0.0886,451,0,1
2256.7,116814,403,0.144,0.1144,589,0,1
2262.8,117120,404,-0.407,0.0593,306,0,1
2268.5,117389,405,-0.459,0.0541,269,0,1
2271.3,117492,406,-0.801,0.0199,103,0,1
2279.9,117948,407,-0.114,0.0886,456,0,1
2290.8,118529,408,0.146,0.1146,581,0,1
2301.2,119087,409,0.085,0.1085,558,0,1
2314.4,119808,410,0.42,0.142,721,0,1
2324.6,120349,411,0.071,0.1071,541,0,1
2335.5,120938,412,0.144,0.1144,589,0,1
2346.4,121518,413,0.144,0.1144,580,0,1
2357.3,122107,414,0.144,0.1144,589,0,1
2367.6,122656,415,0.085,0.1085,549,0,1
2379.3,123296,416,0.244,0.1244,640,0,1
2390.9,123920,417,0.232,0.1232,624,0,1
2404.2,124644,418,0.424,0.1424,724,0,1
2409.8,124921,419,-0.462,0.0538,277,0,1
2418.5,125377,420,-0.114,0.0886,456,0,1
2434.4,126258,421,0.731,0.1731,881,0,1
2444.6,126797,422,0.065,0.1065,539,0,1
2453.2,127253,423,-0.114,0.0886,456,0,1
2464.8,127877,424,0.233,0.1233,624,0,1
2476.4,128506,425,0.223,0.1223,629,0,1
2488.8,129178,426,0.324,0.1324,672,0,1
2499.6,129758,427,0.144,0.1144,580,0,1
2513.4,130520,428,0.482,0.1482,762,0,1
2524.2,131100,429,0.144,0.1144,580,0,1
2537.6,131830,430,0.437,0.1437,730,0,1
2549.2,132464,431,0.233,0.1233,634,0,1
2560.2,133048,432,0.152,0.1152,584,0,1
2568.8,133504,433,-0.114,0.0886,456,0,1
2584.1,134348,434,0.66,0.166,844,0,1
2598.7,135151,435,0.581,0.1581,803,0,1
2612.4,135904,436,0.482,0.1482,753,0,1
2626.6,136692,437,0.531,0.1531,788,0,1
2635.9,137179,438,-0.036,0.0964,487,0,1
2640.0,137364,439,-0.641,0.0359,185,0,1
2650.3,137910,440,0.079,0.1079,546,0,1
2660.6,138466,441,0.081,0.1081,556,0,1
2671.5,139046,442,0.144,0.1144,580,0,1
2682.4,139635,443,0.144,0.1144,589,0,1
2697.4,140463,444,0.63,0.163,828,0,1
2709.1,141091,445,0.24,0.124,628,0,1
2720.0,141682,446,0.148,0.1148,591,0,1
2736.6,142607,447,0.818,0.1818,925,0,1
2747.5,143186,448,0.144,0.1144,579,0,1
2763.4,144067,449,0.733,0.1733,881,0,1
2776.8,144804,450,0.431,0.1431,737,0,1
2790.1,145534,451,0.437,0.1437,730,0,1
2803.5,146266,452,0.439,0.1439,732,0,1
2815.1,146895,453,0.223,0.1223,629,0,1
2817.8,146986,454,-0.807,0.0193,91,0,1
2832.4,147799,455,0.581,0.1581,813,0,1
2846.5,148577,456,0.531,0.1531,778,0,1
2861.1,149380,457,0.581,0.1581,803,0,1
2876.1,150208,458,0.63,0.163,828,0,1
2887.9,150848,459,0.244,0.1244,640,0,1
2902.9,151676,460,0.63,0.163,828,0,1
2917.5,152480,461,0.581,0.1581,804,0,1
2934.1,153405,462,0.818,0.1818,925,0,1
2947.3,154126,463,0.418,0.1418,721,0,1
2965.0,155124,464,0.941,0.1941,998,0,1
2978.3,155851,465,0.431,0.1431,727,0,1
2994.9,156776,466,0.818,0.1818,925,0,1
3003.6,157223,467,-0.114,0.0886,447,0,1
3015.9,157904,468,0.324,0.1324,681,0,1
3031.8,158783,469,0.728,0.1728,879,0,1
3042.0,159323,470,0.068,0.1068,540,0,1
3052.2,159874,471,0.071,0.1071,551,0,1
3069.9,160862,472,0.941,0.1941,988,0,1
3081.5,161483,473,0.225,0.1225,621,0,1
3098.1,162409,474,0.818,0.1818,926,0,1
3111.3,163139,475,0.418,0.1418,730,0,1
3124.7,163866,476,0.431,0.1431,727,0,1
3133.3,164322,477,-0.114,0.0886,456,0,1
3148.3,165151,478,0.63,0.163,829,0,1
3159.2,165731,479,0.144,0.1144,580,0,1
3171.6,166402,480,0.324,0.1324,671,0,1
3182.4,166991,481,0.144,0.1144,589,0,1
3196.2,167744,482,0.482,0.1482,753,0,1
3209.4,168467,483,0.422,0.1422,723,0,1
3222.7,169204,484,0.431,0.1431,737,0,1
3237.4,170007,485,0.581,0.1581,803,0,1
3250.8,170741,486,0.443,0.1443,734,0,1
3262.3,171370,487,0.223,0.1223,629,0,1
3276.5,172148,488,0.531,0.1531,778,0,1
3289.9,172878,489,0.435,0.1435,730,0,1
3307.6,173864,490,0.941,0.1941,986,0,1
3324.2,174790,491,0.818,0.1818,926,0,1
3335.8,175420,492,0.225,0.1225,630,0,1
3351.7,176300,493,0.733,0.1733,880,0,1
3365.0,177024,494,0.431,0.1431,724,0,1
3377.4,177694,495,0.324,0.1324,670,0,1
3390.8,178437,496,0.443,0.1443,743,0,1
3404.2,179165,497,0.435,0.1435,728,0,1
3417.4,179886,498,0.42,0.142,721,0,1
3435.1,180878,499,0.947,0.1947,992,0,1
3449.3,181666,500,0.531,0.1531,788,0,1
3465.2,182549,501,0.735,0.1735,883,0,1
3483.0,183539,502,0.945,0.1945,990,0,1
3500.7,184530,503,0.945,0.1945,991,0,1
3516.5,185407,504,0.728,0.1728,877,0,1
3532.4,186288,505,0.731,0.1731,881,0,1
3550.1,187279,506,0.945,0.1945,991,0,1
3567.9,188270,507,0.945,0.1945,991,0,1
3585.6,189261,508,0.944,0.1944,991,0,1
3602.2,190187,509,0.818,0.1818,926,0,1
3616.8,190990,510,0.581,0.1581,803,0,1
3632.6,191878,511,0.728,0.1728,888,0,1
3648.5,192759,512,0.731,0.1731,881,0,1
3654.2,193027,513,-0.462,0.0538,268,0,1
3670.8,193962,514,0.818,0.1818,935,0,1
3688.6,194953,515,0.945,0.1945,991,0,1
3706.3,195944,516,0.944,0.1944,991,0,1
3722.1,196822,517,0.728,0.1728,878,0,1
3732.4,197368,518,0.079,0.1079,546,0,1
3742.8,197925,519,0.083,0.1083,557,0,1
3760.5,198916,520,0.944,0.1944,991,0,1
3776.3,199795,521,0.728,0.1728,879,0,1
3789.6,200523,522,0.431,0.1431,728,0,1
3807.3,201512,523,0.943,0.1943,989,0,1
3823.2,202392,524,0.728,0.1728,880,0,1
3839.8,203318,525,0.818,0.1818,926,0,1
3857.6,204309,526,0.947,0.1947,991,0,1
3875.3,205309,527,0.945,0.1945,1000,0,1
3884.1,205764,528,-0.097,0.0903,455,0,1
3901.8,206753,529,0.943,0.1943,989,0,1
3919.5,207743,530,0.945,0.1945,990,0,1
3930.4,208336,531,0.152,0.1152,593,0,1
3948.1,209327,532,0.945,0.1945,991,0,1
3965.8,210317,533,0.945,0.1945,990,0,1
3976.2,210865,534,0.085,0.1085,548,0,1
3993.9,211856,535,0.945,0.1945,991,0,1
4005.6,212487,536,0.244,0.1244,631,0,1
4023.3,213487,537,0.945,0.1945,1000,0,1
4041.0,214478,538,0.947,0.1947,991,0,1
4058.8,215469,539,0.945,0.1945,991,0,1
4069.1,216016,540,0.081,0.1081,547,0,1
4086.8,217007,541,0.945,0.1945,991,0,1
4097.0,217558,542,0.071,0.1071,551,0,1
4107.3,218104,543,0.081,0.1081,546,0,1
4113.2,218390,544,-0.445,0.0555,286,0,1
4121.8,218836,545,-0.114,0.0886,446,0,1
4139.5,219826,546,0.945,0.1945,990,0,1
4148.2,220282,547,-0.114,0.0886,456,0,1
4161.6,221015,548,0.441,0.1441,733,0,1
4179.3,222005,549,0.945,0.1945,990,0,1
4197.1,222996,550,0.946,0.1946,991,0,1
4213.7,223921,551,0.818,0.1818,925,0,1
4231.4,224912,552,0.947,0.1947,991,0,1
4241.8,225470,553,0.085,0.1085,558,0,1
4259.5,226462,554,0.947,0.1947,992,0,1
4271.9,227134,555,0.324,0.1324,672,0,1
4284.3,227815,556,0.324,0.1324,681,0,1
4301.0,228741,557,0.818,0.1818,926,0,1
4318.7,229731,558,0.945,0.1945,990,0,1
4336.4,230721,559,0.945,0.1945,990,0,1
4354.1,231711,560,0.945,0.1945,990,0,1
4371.8,232700,561,0.943,0.1943,989,0,1
4383.6,233331,562,0.244,0.1244,631,0,1
4397.0,234065,563,0.443,0.1443,734,0,1
4414.7,235055,564,0.944,0.1944,990,0,1
4432.4,236044,565,0.941,0.1941,989,0,1
4449.0,236979,566,0.818,0.1818,935,0,1
4466.8,237971,567,0.947,0.1947,992,0,1
4484.5,238962,568,0.947,0.1947,991,0,1
4501.1,239887,569,0.818,0.1818,925,0,1
4518.9,240880,570,0.949,0.1949,993,0,1
4535.5,241806,571,0.818,0.1818,926,0,1
4553.2,242795,572,0.941,0.1941,989,0,1
4566.6,243527,573,0.443,0.1443,732,0,1
4579.9,244249,574,0.422,0.1422,722,0,1
4590.1,244798,575,0.068,0.1068,549,0,1
4607.8,245790,576,0.947,0.1947,992,0,1
4625.5,246780,577,0.944,0.1944,990,0,1
4635.8,247322,578,0.071,0.1071,542,0,1
4653.6,248321,579,0.943,0.1943,999,0,1
4670.1,249255,580,0.818,0.1818,934,0,1
4676.6,249577,581,-0.354,0.0646,322,0,1
4682.4,249862,582,-0.447,0.0553,285,0,1
4691.1,250318,583,-0.114,0.0886,456,0,1
4702.1,250902,584,0.154,0.1154,584,0,1
4717.1,251731,585,0.63,0.163,829,0,1
4733.7,252657,586,0.818,0.1818,926,0,1
4748.3,253461,587,0.581,0.1581,804,0,1
4754.5,253767,588,-0.407,0.0593,306,0,1
4772.2,254758,589,0.947,0.1947,991,0,1
4790.0,255750,590,0.949,0.1949,992,0,1
4804.2,256528,591,0.531,0.1531,778,0,1
4821.8,257526,592,0.941,0.1941,998,0,1
4839.6,258517,593,0.947,0.1947,991,0,1
4857.3,259508,594,0.947,0.1947,991,0,1
4875.1,260499,595,0.947,0.1947,991,0,1
4892.8,261490,596,0.947,0.1947,991,0,1
4910.5,262479,597,0.941,0.1941,989,0,1
4921.4,263058,598,0.146,0.1146,579,0,1
4939.1,264047,599,0.949,0.1949,989,0,1
4956.9,265039,600,0.949,0.1949,992,0,1
4974.5,266028,601,0.941,0.1941,989,0,1
4992.2,267016,602,0.941,0.1941,988,0,1
5006.4,267794,603,0.531,0.1531,778,0,1
5023.0,268728,604,0.818,0.1818,934,0,1
5035.5,269399,605,0.324,0.1324,671,0,1
5047.0,270019,606,0.223,0.1223,620,0,1
5062.2,270863,607,0.66,0.166,844,0,1
5078.9,271798,608,0.818,0.1818,935,0,1
5096.6,272792,609,0.95,0.195,994,0,1
5114.4,273787,610,0.954,0.1954,995,0,1
5131.1,274714,611,0.82,0.182,927,0,1
5142.0,275295,612,0.148,0.1148,581,0,1
5159.7,276285,613,0.947,0.1947,990,0,1
5177.4,277274,614,0.941,0.1941,989,0,1
5193.3,278152,615,0.728,0.1728,878,0,1
5208.7,279143,616,0.949,0.1949,991,0,1
5225.4,280068,617,0.818,0.1818,925,0,1
5242.0,281002,618,0.818,0.1818,934,0,1
5259.7,281995,619,0.949,0.1949,993,0,1
5276.4,282922,620,0.822,0.1822,927,0,1
5294.1,283911,621,0.941,0.1941,989,0,1
5311.8,284901,622,0.943,0.1943,990,0,1
5329.6,285893,623,0.946,0.1946,992,0,1
5347.3,286882,624,0.941,0.1941,989,0,1
5353.1,287167,625,-0.445,0.0555,285,0,1
5369.8,288095,626,0.824,0.1824,928,0,1
5374.0,288280,627,-0.623,0.0377,185,0,1
5391.7,289279,628,0.943,0.1943,999,0,1
5402.7,289864,629,0.156,0.1156,585,0,1
5420.4,290854,630,0.943,0.1943,990,0,1
5438.1,291843,631,0.941,0.1941,989,0,1
5455.8,292834,632,0.944,0.1944,991,0,1
5473.5,293823,633,0.943,0.1943,989,0,1
5490.1,294749,634,0.818,0.1818,926,0,1
5507.8,295738,635,0.941,0.1941,989,0,1
5525.5,296726,636,0.941,0.1941,988,0,1
5543.2,297718,637,0.947,0.1947,992,0,1
5559.9,298643,638,0.818,0.1818,925,0,1
5575.7,299522,639,0.728,0.1728,879,0,1
5593.4,300521,640,0.944,0.1944,999,0,1
5611.1,301509,641,0.941,0.1941,988,0,1
5626.4,302353,642,0.66,0.166,844,0,1
5644.1,303345,643,0.946,0.1946,992,0,1
5661.8,304336,644,0.945,0.1945,991,0,1
5679.5,305325,645,0.943,0.1943,989,0,1
5697.2,306316,646,0.944,0.1944,991,0,1
5714.9,307307,647,0.944,0.1944,991,0,1
5725.8,307887,648,0.145,0.1145,580,0,1
5743.6,308880,649,0.949,0.1949,993,0,1
5756.8,309609,650,0.42,0.142,729,0,1
5774.5,310600,651,0.944,0.1944,991,0,1
5780.2,310869,652,-0.461,0.0539,269,0,1
5793.5,311606,653,0.431,0.1431,737,0,1
5806.7,312326,654,0.419,0.1419,720,0,1
5823.4,313253,655,0.82,0.182,927,0,1
5841.1,314246,656,0.949,0.1949,993,0,1
5858.8,315234,657,0.941,0.1941,988,0,1
5872.0,315955,658,0.42,0.142,721,0,1
5885.3,316685,659,0.419,0.1419,730,0,1
5896.1,317265,660,0.144,0.1144,580,0,1
5911.1,318094,661,0.63,0.163,829,0,1
5922.0,318683,662,0.144,0.1144,589,0,1
5939.6,319672,663,0.941,0.1941,989,0,1
5954.7,320501,664,0.63,0.163,829,0,1
5972.4,321495,665,0.95,0.195,994,0,1
5983.3,322074,666,0.144,0.1144,579,0,1
6001.0,323072,667,0.941,0.1941,998,0,1
6018.7,324062,668,0.944,0.1944,990,0,1
6036.4,325050,669,0.941,0.1941,988,0,1
6042.1,325316,670,-0.462,0.0538,266,0,1
6052.9,325905,671,0.144,0.1144,589,0,1
6070.6,326894,672,0.941,0.1941,989,0,1
6082.2,327514,673,0.223,0.1223,620,0,1
6099.9,328504,674,0.945,0.1945,990,0,1
6117.6,329495,675,0.945,0.1945,991,0,1
6131.3,330248,676,0.482,0.1482,753,0,1
6142.2,330837,677,0.144,0.1144,589,0,1
6159.9,331828,678,0.944,0.1944,991,0,1
6177.6,332818,679,0.944,0.1944,990,0,1
6187.9,333367,680,0.085,0.1085,549,0,1
6196.6,333823,681,-0.114,0.0886,456,0,1
6208.3,334454,682,0.244,0.1244,631,0,1
6226.0,335445,683,0.944,0.1944,991,0,1
6243.7,336434,684,0.941,0.1941,989,0,1
6253.9,336983,685,0.067,0.1067,549,0,1
6264.8,337562,686,0.144,0.1144,579,0,1
6275.6,338151,687,0.144,0.1144,589,0,1
6281.3,338429,688,-0.461,0.0539,278,0,1
6294.6,339153,689,0.424,0.1424,724,0,1
6303.3,339600,690,-0.114,0.0886,447,0,1
6319.1,340481,691,0.728,0.1728,881,0,1
6332.3,341212,692,0.42,0.142,731,0,1
6344.8,341890,693,0.335,0.1335,678,0,1
6357.3,342565,694,0.335,0.1335,675,0,1
6366.0,343021,695,-0.114,0.0886,456,0,1
6376.9,343604,696,0.151,0.1151,583,0,1
6394.6,344593,697,0.941,0.1941,989,0,1
6412.3,345594,698,0.947,0.1947,1001,0,1
6423.3,346179,699,0.154,0.1154,585,0,1
6431.9,346626,700,-0.114,0.0886,447,0,1
6449.6,347624,701,0.941,0.1941,998,0,1
6460.5,348207,702,0.15,0.115,583,0,1
6478.2,349199,703,0.949,0.1949,992,0,1
6489.1,349777,704,0.144,0.1144,578,0,1
6501.6,350465,705,0.337,0.1337,688,0,1
6519.3,351453,706,0.941,0.1941,988,0,1
6532.7,352185,707,0.441,0.1441,732,0,1
6543.0,352736,708,0.071,0.1071,551,0,1
6554.7,353365,709,0.244,0.1244,629,0,1
6565.6,353947,710,0.15,0.115,582,0,1
6583.3,354935,711,0.941,0.1941,988,0,1
6593.6,355492,712,0.083,0.1083,557,0,1
6598.0,355688,713,-0.62,0.038,196,0,1
6602.1,355864,714,-0.638,0.0362,176,0,1
6612.4,356420,715,0.081,0.1081,556,0,1
6621.3,356876,716,-0.095,0.0905,456,0,1
6631.5,357428,717,0.073,0.1073,552,0,1
6641.8,357973,718,0.079,0.1079,545,0,1
6653.5,358611,719,0.241,0.1241,638,0,1
6664.4,359190,720,0.144,0.1144,579,0,1
6667.2,359293,721,-0.8,0.02,103,0,1
6677.5,359849,722,0.081,0.1081,556,0,1
6695.2,360841,723,0.949,0.1949,992,0,1
6713.0,361830,724,0.943,0.1943,989,0,1
6723.8,362410,725,0.144,0.1144,580,0,1
6735.4,363033,726,0.229,0.1229,623,0,1
6746.2,363622,727,0.145,0.1145,589,0,1
6756.6,364170,728,0.083,0.1083,548,0,1
6766.8,364719,729,0.068,0.1068,549,0,1
6784.4,365708,730,0.941,0.1941,989,0,1
6795.3,366288,731,0.144,0.1144,580,0,1
6806.2,366877,732,0.144,0.1144,589,0,1
6823.9,367865,733,0.941,0.1941,988,0,1
6829.5,368133,734,-0.462,0.0538,268,0,1
6840.5,368724,735,0.148,0.1148,591,0,1
6851.4,369307,736,0.152,0.1152,583,0,1
6869.1,370295,737,0.941,0.1941,988,0,1
6886.8,371287,738,0.947,0.1947,992,0,1
6897.7,371876,739,0.144,0.1144,589,0,1
6908.6,372456,740,0.144,0.1144,580,0,1
6926.2,373444,741,0.941,0.1941,988,0,1
6941.5,374287,742,0.66,0.166,843,0,1
6959.2,375283,743,0.941,0.1941,996,0,1
6976.9,376272,744,0.941,0.1941,989,0,1
6990.2,376999,745,0.43,0.143,727,0,1
6992.9,377097,746,-0.81,0.019,98,0,1
6998.6,377370,747,-0.452,0.0548,273,0,1
7016.5,378369,748,0.947,0.1947,999,0,1
7034.0,379367,749,0.941,0.1941,998,0,1
7044.2,379907,750,0.068,0.1068,540,0,1
7062.0,380898,751,0.947,0.1947,991,0,1
7072.3,381446,752,0.083,0.1083,548,0,1
7083.2,382038,753,0.15,0.115,592,0,1
7100.9,383027,754,0.943,0.1943,989,0,1
7118.6,384019,755,0.947,0.1947,992,0,1
7134.5,384897,756,0.728,0.1728,878,0,1
7146.9,385569,757,0.324,0.1324,672,0,1
7164.6,386561,758,0.945,0.1945,992,0,1
7178.0,387300,759,0.435,0.1435,739,0,1
7188.8,387879,760,0.144,0.1144,579,0,1
7206.6,388871,761,0.947,0.1947,992,0,1
7224.3,389860,762,0.941,0.1941,989,0,1
7234.6,390418,763,0.085,0.1085,558,0,1
7252.3,391407,764,0.941,0.1941,989,0,1
7270.1,392400,765,0.949,0.1949,993,0,1
7285.3,393244,766,0.66,0.166,844,0,1
7303.0,394233,767,0.941,0.1941,989,0,1
7313.2,394773,768,0.068,0.1068,540,0,1
7329.1,395661,769,0.728,0.1728,888,0,1
7346.7,396650,770,0.941,0.1941,989,0,1
7360.1,397382,771,0.439,0.1439,732,0,1
7377.8,398374,772,0.947,0.1947,992,0,1
7395.6,399365,773,0.947,0.1947,991,0,1
7413.3,400353,774,0.941,0.1941,988,0,1
7431.0,401344,775,0.947,0.1947,991,0,1
7448.7,402336,776,0.947,0.1947,992,0,1
7466.5,403326,777,0.947,0.1947,990,0,1
7484.2,404314,778,0.941,0.1941,988,0,1
7501.9,405305,779,0.947,0.1947,991,0,1
7507.5,405582,780,-0.462,0.0538,277,0,1
7525.2,406570,781,0.941,0.1941,988,0,1
7542.9,407562,782,0.947,0.1947,992,0,1
7560.7,408551,783,0.947,0.1947,989,0,1
7571.0,409094,784,0.076,0.1076,543,0,1
7588.6,410092,785,0.941,0.1941,998,0,1
7606.3,411079,786,0.941,0.1941,987,0,1
7624.1,412070,787,0.947,0.1947,991,0,1
7641.8,413062,788,0.949,0.1949,992,0,1
7659.5,414050,789,0.941,0.1941,988,0,1
7677.2,415042,790,0.947,0.1947,992,0,1
7682.9,415310,791,-0.462,0.0538,268,0,1
7700.6,416303,792,0.949,0.1949,993,0,1
7718.3,417292,793,0.941,0.1941,989,0,1
7736.0,418293,794,0.947,0.1947,1001,0,1
7753.8,419285,795,0.947,0.1947,992,0,1
7771.5,420273,796,0.941,0.1941,988,0,1
7789.2,421265,797,0.948,0.1948,992,0,1
7806.9,422253,798,0.941,0.1941,988,0,1
7817.8,422833,799,0.144,0.1144,580,0,1
7835.5,423822,800,0.941,0.1941,989,0,1
7853.2,424810,801,0.941,0.1941,988,0,1
7870.9,425801,802,0.947,0.1947,991,0,1
7881.2,426356,803,0.079,0.1079,555,0,1
7884.0,426460,804,-0.798,0.0202,104,0,1
7901.7,427452,805,0.947,0.1947,992,0,1
7919.4,428440,806,0.941,0.1941,988,0,1
7937.1,429431,807,0.947,0.1947,991,0,1
7954.9,430423,808,0.949,0.1949,992,0,1
7965.7,431003,809,0.144,0.1144,580,0,1
7983.5,431996,810,0.949,0.1949,993,0,1
7996.0,432672,811,0.331,0.1331,676,0,1
8013.7,433665,812,0.945,0.1945,993,0,1
8028.7,434503,813,0.63,0.163,838,0,1
8046.4,435494,814,0.947,0.1947,991,0,1
8058.9,436168,815,0.327,0.1327,674,0,1
8076.6,437159,816,0.945,0.1945,991,0,1
8088.2,437783,817,0.233,0.1233,624,0,1
8105.9,438781,818,0.941,0.1941,998,0,1
8123.6,439773,819,0.947,0.1947,992,0,1
8141.4,440766,820,0.949,0.1949,993,0,1
8154.6,441486,821,0.418,0.1418,720,0,1
8172.3,442478,822,0.947,0.1947,992,0,1
8185.7,443206,823,0.431,0.1431,728,0,1
8203.4,444198,824,0.947,0.1947,992,0,1
8221.1,445189,825,0.945,0.1945,991,0,1
8238.8,446177,826,0.941,0.1941,988,0,1
8256.5,447169,827,0.948,0.1948,992,0,1
8274.3,448159,828,0.945,0.1945,990,0,1
8292.0,449152,829,0.948,0.1948,993,0,1
8309.7,450140,830,0.941,0.1941,988,0,1
8322.1,450821,831,0.324,0.1324,681,0,1
8339.8,451810,832,0.941,0.1941,989,0,1
8357.5,452799,833,0.941,0.1941,989,0,1
8375.2,453788,834,0.941,0.1941,989,0,1
8392.9,454780,835,0.947,0.1947,992,0,1
8410.6,455770,836,0.945,0.1945,990,0,1
8428.3,456758,837,0.941,0.1941,988,0,1
8446.0,457747,838,0.941,0.1941,989,0,1
8463.7,458740,839,0.948,0.1948,993,0,1
8481.4,459729,840,0.941,0.1941,989,0,1
8492.4,460313,841,0.154,0.1154,584,0,1
8510.2,461313,842,0.948,0.1948,1000,0,1
8527.9,462315,843,0.948,0.1948,1002,0,1
8545.6,463306,844,0.945,0.1945,991,0,1
8563.3,464299,845,0.948,0.1948,993,0,1
8581.0,465287,846,0.943,0.1943,988,0,1
8598.8,466278,847,0.947,0.1947,991,0,1
8616.4,467266,848,0.941,0.1941,988,0,1
8634.2,468258,849,0.947,0.1947,992,0,1
8651.8,469246,850,0.941,0.1941,988,0,1
8669.6,470236,851,0.945,0.1945,990,0,1
8687.3,471228,852,0.948,0.1948,992,0,1
8705.0,472217,853,0.941,0.1941,989,0,1
8722.7,473207,854,0.945,0.1945,990,0,1
8740.4,474195,855,0.941,0.1941,988,0,1
8758.1,475183,856,0.941,0.1941,988,0,1
8775.8,476172,857,0.941,0.1941,989,0,1
8788.3,476851,858,0.337,0.1337,679,0,1
8805.9,477839,859,0.941,0.1941,988,0,1
8821.9,478721,860,0.728,0.1728,882,0,1
8839.5,479719,861,0.941,0.1941,998,0,1
8857.2,480708,862,0.941,0.1941,989,0,1
8874.9,481699,863,0.945,0.1945,991,0,1
8892.5,482687,864,0.941,0.1941,988,0,1
8910.2,483676,865,0.941,0.1941,989,0,1
8927.9,484664,866,0.941,0.1941,988,0,1
8945.6,485654,867,0.945,0.1945,990,0,1
8963.3,486643,868,0.941,0.1941,989,0,1
8981.0,487632,869,0.941,0.1941,989,0,1
8998.7,488619,870,0.941,0.1941,987,0,1
9016.4,489608,871,0.941,0.1941,989,0,1
9034.1,490597,872,0.941,0.1941,989,0,1
9051.7,491585,873,0.941,0.1941,988,0,1
9069.4,492574,874,0.941,0.1941,989,0,1
9087.1,493562,875,0.941,0.1941,988,0,1
9104.8,494551,876,0.941,0.1941,989,0,1
9115.7,495131,877,0.144,0.1144,580,0,1
9133.5,496129,878,0.941,0.1941,998,0,1
9151.0,497127,879,0.941,0.1941,998,0,1
9168.7,498116,880,0.941,0.1941,989,0,1
9183.8,498944,881,0.63,0.163,828,0,1
9201.5,499936,882,0.947,0.1947,992,0,1
9207.6,500232,883,-0.407,0.0593,296,0,1
9225.3,501231,884,0.943,0.1943,999,0,1
9243.1,502222,885,0.947,0.1947,991,0,1
9256.3,502943,886,0.42,0.142,721,0,1
9274.0,503934,887,0.947,0.1947,991,0,1
9291.7,504923,888,0.941,0.1941,989,0,1
9309.4,505915,889,0.947,0.1947,992,0,1
9327.1,506904,890,0.941,0.1941,989,0,1
9344.8,507895,891,0.947,0.1947,991,0,1
9362.6,508886,892,0.947,0.1947,991,0,1
9380.3,509875,893,0.941,0.1941,989,0,1
9398.0,510866,894,0.947,0.1947,991,0,1
9415.7,511857,895,0.947,0.1947,991,0,1
9433.5,512847,896,0.944,0.1944,990,0,1
9451.2,513838,897,0.947,0.1947,991,0,1
9468.9,514831,898,0.949,0.1949,993,0,1
9486.6,515820,899,0.941,0.1941,989,0,1
9497.5,516409,900,0.144,0.1144,589,0,1
9515.2,517398,901,0.941,0.1941,989,0,1
9532.9,518390,902,0.947,0.1947,992,0,1
9538.6,518657,903,-0.462,0.0538,267,0,1
9556.3,519658,904,0.947,0.1947,1001,0,1
9574.1,520651,905,0.949,0.1949,993,0,1
9591.8,521643,906,0.947,0.1947,992,0,1
9594.5,521732,907,-0.81,0.019,89,0,1
9612.2,522733,908,0.949,0.1949,1001,0,1
9629.9,523725,909,0.947,0.1947,992,0,1
9647.7,524716,910,0.947,0.1947,991,0,1
9650.3,524804,911,-0.81,0.019,88,0,1
9668.1,525806,912,0.949,0.1949,1002,0,1
9685.9,526797,913,0.947,0.1947,991,0,1
9703.5,527785,914,0.941,0.1941,988,0,1
9706.2,527874,915,-0.81,0.019,89,0,1
9717.1,528463,916,0.144,0.1144,589,0,1
9725.9,528922,917,-0.09,0.091,459,0,1
9743.6,529920,918,0.941,0.1941,998,0,1
9761.4,530911,919,0.947,0.1947,991,0,1
9779.1,531903,920,0.949,0.1949,992,0,1
9796.9,532895,921,0.947,0.1947,992,0,1
9814.6,533886,922,0.947,0.1947,991,0,1
9832.3,534878,923,0.947,0.1947,992,0,1
9836.6,535065,924,-0.618,0.0382,187,0,1
9854.3,536063,925,0.941,0.1941,998,0,1
9865.2,536642,926,0.144,0.1144,579,0,1
9873.9,537089,927,-0.114,0.0886,447,0,1
9882.5,537545,928,-0.114,0.0886,456,0,1
9900.2,538533,929,0.941,0.1941,988,0,1
9911.1,539123,930,0.146,0.1146,590,0,1
9928.8,540112,931,0.941,0.1941,989,0,1
9944.6,540991,932,0.728,0.1728,879,0,1
9962.3,541981,933,0.943,0.1943,990,0,1
9971.0,542427,934,-0.114,0.0886,446,0,1
9986.2,543271,935,0.66,0.166,844,0,1
10003.9,544263,936,0.947,0.1947,992,0,1
10021.6,545262,937,0.943,0.1943,999,0,1
10039.4,546252,938,0.945,0.1945,990,0,1
10057.0,547241,939,0.941,0.1941,989,0,1
10059.7,547330,940,-0.81,0.019,89,0,1
10076.4,548265,941,0.818,0.1818,935,0,1
10079.1,548354,942,-0.81,0.019,89,0,1
10096.8,549356,943,0.949,0.1949,1002,0,1
10114.5,550346,944,0.943,0.1943,990,0,1
10132.3,551337,945,0.947,0.1947,991,0,1
10134.9,551426,946,-0.81,0.019,89,0,1
10152.6,552427,947,0.947,0.1947,1001,0,1
10170.3,553415,948,0.941,0.1941,988,0,1
10188.0,554404,949,0.941,0.1941,989,0,1
10205.7,555393,950,0.941,0.1941,989,0,1
10223.4,556381,951,0.941,0.1941,988,0,1
10238.6,557223,952,0.66,0.166,842,0,1
10256.3,558211,953,0.941,0.1941,988,0,1
10274.0,559200,954,0.941,0.1941,989,0,1
10291.7,560189,955,0.941,0.1941,989,0,1
10309.4,561178,956,0.941,0.1941,989,0,1
10327.0,562165,957,0.941,0.1941,987,0,1
10342.9,563044,958,0.728,0.1728,879,0,1
10360.6,564035,959,0.944,0.1944,991,0,1
10378.3,565024,960,0.941,0.1941,989,0,1
10393.3,565853,961,0.63,0.163,829,0,1
10411.0,566840,962,0.941,0.1941,987,0,1
10428.8,567833,963,0.949,0.1949,993,0,1
10446.5,568830,964,0.941,0.1941,997,0,1
10464.2,569820,965,0.945,0.1945,990,0,1
10481.9,570812,966,0.947,0.1947,992,0,1
10484.7,570907,967,-0.798,0.0202,95,0,1
10502.5,571905,968,0.941,0.1941,998,0,1
10520.1,572903,969,0.941,0.1941,998,0,1
10537.8,573897,970,0.951,0.1951,994,0,1
10555.6,574890,971,0.949,0.1949,993,0,1
10573.3,575882,972,0.947,0.1947,992,0,1
10586.6,576609,973,0.43,0.143,727,0,1
10603.3,577536,974,0.82,0.182,927,0,1
10613.5,578078,975,0.071,0.1071,542,0,1
10630.2,579012,976,0.818,0.1818,934,0,1
10643.5,579739,977,0.431,0.1431,727,0,1
10660.1,580665,978,0.818,0.1818,926,0,1
10677.8,581657,979,0.947,0.1947,992,0,1
10695.5,582646,980,0.943,0.1943,989,0,1
10713.2,583635,981,0.943,0.1943,989,0,1
10724.1,584215,982,0.144,0.1144,580,0,1
10741.8,585216,983,0.946,0.1946,1001,0,1
10759.6,586207,984,0.947,0.1947,991,0,1
10777.3,587196,985,0.941,0.1941,989,0,1
10795.0,588189,986,0.949,0.1949,993,0,1
10811.7,589115,987,0.818,0.1818,926,0,1
10829.4,590106,988,0.947,0.1947,991,0,1
10847.1,591099,989,0.949,0.1949,993,0,1
10864.9,592091,990,0.947,0.1947,992,0,1
10882.6,593081,991,0.943,0.1943,990,0,1
10900.3,594070,992,0.941,0.1941,989,0,1
10917.9,595059,993,0.941,0.1941,989,0,1
10935.6,596048,994,0.941,0.1941,989,0,1
10953.3,597037,995,0.941,0.1941,989,0,1
10971.0,598026,996,0.941,0.1941,989,0,1
10988.6,599015,997,0.941,0.1941,989,0,1
10998.9,599560,998,0.076,0.1076,545,0,1
11004.7,599843,999,-0.452,0.0548,283,0,1
11022.4,600831,1000,0.941,0.1941,988,0,1
11039.0,601757,1001,0.818,0.1818,926,0,1
11056.7,602746,1002,0.941,0.1941,989,0,1
11074.4,603735,1003,0.941,0.1941,989,0,1
11091.0,604672,1004,0.822,0.1822,937,0,1
11108.7,605660,1005,0.941,0.1941,988,0,1
11122.1,606391,1006,0.437,0.1437,731,0,1
11137.4,607234,1007,0.66,0.166,843,0,1
11152.4,608062,1008,0.63,0.163,828,0,1
11170.1,609049,1009,0.941,0.1941,987,0,1
11187.9,610045,1010,0.956,0.1956,996,0,1
11205.6,611033,1011,0.941,0.1941,988,0,1
11223.5,612033,1012,0.963,0.1963,1000,0,1
11241.2,613023,1013,0.944,0.1944,990,0,1
11259.0,614021,1014,0.958,0.1958,998,0,1
11277.0,615027,1015,0.973,0.1973,1006,0,1
11294.7,616016,1016,0.941,0.1941,989,0,1
11312.4,617009,1017,0.949,0.1949,993,0,1
11330.1,617998,1018,0.941,0.1941,989,0,1
11347.9,618999,1019,0.947,0.1947,1001,0,1
11365.6,619989,1020,0.945,0.1945,990,0,1
11383.3,620982,1021,0.949,0.1949,993,0,1
11401.4,621990,1022,0.977,0.1977,1008,0,1
11419.3,622997,1023,0.975,0.1975,1007,0,1
11434.3,623824,1024,0.63,0.163,827,0,1
11445.2,624404,1025,0.144,0.1144,580,0,1
11465.6,625553,1026,1.253,0.2253,1149,0,1
11483.6,626558,1027,0.973,0.1973,1005,0,1
11501.2,627547,1028,0.941,0.1941,989,0,1
11512.1,628136,1029,0.144,0.1144,589,0,1
11529.8,629125,1030,0.941,0.1941,989,0,1
11535.5,629394,1031,-0.459,0.0541,269,0,1
11546.3,629983,1032,0.144,0.1144,589,0,1
11564.1,630974,1033,0.947,0.1947,991,0,1
11581.8,631963,1034,0.941,0.1941,989,0,1
11584.5,632066,1035,-0.8,0.02,103,0,1
11594.9,632611,1036,0.079,0.1079,545,0,1
11612.6,633600,1037,0.941,0.1941,989,0,1
11634.5,634845,1038,1.439,0.2439,1245,0,1
11652.2,635835,1039,0.943,0.1943,990,0,1
11663.1,636417,1040,0.144,0.1144,582,0,1
11673.4,636974,1041,0.083,0.1083,557,0,1
11683.8,637522,1042,0.085,0.1085,548,0,1
11701.5,638513,1043,0.947,0.1947,991,0,1
11723.5,639761,1044,1.444,0.2444,1248,0,1
11741.8,640790,1045,1.019,0.2019,1029,0,1
11758.5,641718,1046,0.824,0.1824,928,0,1
11777.4,642776,1047,1.074,0.2074,1058,0,1
11797.7,643927,1048,1.254,0.2254,1151,0,1
11815.8,644937,1049,0.981,0.1981,1010,0,1
11831.7,645815,1050,0.728,0.1728,878,0,1
11852.1,646966,1051,1.255,0.2255,1151,0,1
11865.4,647694,1052,0.431,0.1431,728,0,1
11885.7,648845,1053,1.255,0.2255,1151,0,1
11901.7,649729,1054,0.728,0.1728,884,0,1
11922.6,650919,1055,1.334,0.2334,1190,0,1
11940.4,651913,1056,0.95,0.195,994,0,1
11961.4,653104,1057,1.334,0.2334,1191,0,1
11982.5,654295,1058,1.334,0.2334,1191,0,1
12004.5,655544,1059,1.446,0.2446,1249,0,1
12020.3,656423,1060,0.728,0.1728,879,0,1
12042.3,657666,1061,1.437,0.2437,1243,0,1
12063.3,658857,1062,1.334,0.2334,1191,0,1
12066.0,658946,1063,-0.81,0.019,89,0,1
12076.8,659535,1064,0.144,0.1144,589,0,1
12098.8,660779,1065,1.439,0.2439,1244,0,1
12118.9,661912,1066,1.221,0.2221,1133,0,1
12136.6,662904,1067,0.946,0.1946,992,0,1
12157.7,664090,1068,1.341,0.2341,1186,0,1
12179.7,665336,1069,1.44,0.244,1246,0,1
12200.7,666527,1070,1.334,0.2334,1191,0,1
12206.5,666811,1071,-0.45,0.055,284,0,1
12227.5,668001,1072,1.334,0.2334,1190,0,1
12248.7,669185,1073,1.334,0.2334,1184,0,1
12270.6,670433,1074,1.443,0.2443,1248,0,1
12292.5,671674,1075,1.43,0.243,1241,0,1
12312.5,672806,1076,1.221,0.2221,1132,0,1
12334.6,674056,1077,1.449,0.2449,1250,0,1
12344.9,674602,1078,0.081,0.1081,546,0,1
12366.9,675845,1079,1.438,0.2438,1243,0,1
12390.8,677209,1080,1.671,0.2671,1364,0,1
12410.9,678341,1081,1.221,0.2221,1132,0,1
12421.8,678921,1082,0.144,0.1144,580,0,1
12441.9,680053,1083,1.221,0.2221,1132,0,1
12462.3,681204,1084,1.256,0.2256,1151,0,1
12482.3,682335,1085,1.217,0.2217,1131,0,1
12495.7,683063,1086,0.431,0.1431,728,0,1
12519.6,684427,1087,1.671,0.2671,1364,0,1
12537.7,685438,1088,0.987,0.1987,1011,0,1
12555.6,686444,1089,0.976,0.1976,1006,0,1
12559.8,686620,1090,-0.641,0.0359,176,0,1
12563.9,686805,1091,-0.641,0.0359,185,0,1
12584.0,687934,1092,1.215,0.2215,1129,0,1
12604.0,689063,1093,1.213,0.2213,1129,0,1
12615.6,689687,1094,0.231,0.1231,624,0,1
12635.6,690817,1095,1.217,0.2217,1130,0,1
12657.6,692066,1096,1.445,0.2445,1249,0,1
12670.1,692738,1097,0.324,0.1324,672,0,1
12691.1,693929,1098,1.336,0.2336,1191,0,1
12711.5,695078,1099,1.254,0.2254,1149,0,1
12731.9,696228,1100,1.256,0.2256,1150,0,1
12755.8,697592,1101,1.671,0.2671,1364,0,1
12761.5,697860,1102,-0.462,0.0538,268,0,1
12785.4,699223,1103,1.671,0.2671,1363,0,1
12798.8,699951,1104,0.431,0.1431,728,0,1
12822.7,701314,1105,1.671,0.2671,1363,0,1
12846.6,702677,1106,1.671,0.2671,1363,0,1
12870.6,704032,1107,1.671,0.2671,1355,0,1
12894.5,705395,1108,1.671,0.2671,1363,0,1
12918.4,706759,1109,1.671,0.2671,1364,0,1
12942.4,708116,1110,1.677,0.2677,1357,0,1
12966.4,709479,1111,1.671,0.2671,1363,0,1
12972.0,709756,1112,-0.462,0.0538,277,0,1
12995.9,711120,1113,1.671,0.2671,1364,0,1
13016.3,712260,1114,1.254,0.2254,1140,0,1
13040.2,713623,1115,1.671,0.2671,1363,0,1
13051.9,714247,1116,0.233,0.1233,624,0,1
13075.8,715610,1117,1.671,0.2671,1363,0,1
13096.2,716761,1118,1.256,0.2256,1151,0,1
13120.1,718124,1119,1.671,0.2671,1363,0,1
13140.5,719274,1120,1.256,0.2256,1150,0,1
13143.2,719363,1121,-0.81,0.019,89,0,1
13161.9,720415,1122,1.065,0.2065,1052,0,1
13182.3,721565,1123,1.254,0.2254,1150,0,1
13206.2,722929,1124,1.671,0.2671,1364,0,1
13230.1,724293,1125,1.671,0.2671,1364,0,1
13254.1,725647,1126,1.671,0.2671,1354,0,1
13270.0,726529,1127,0.728,0.1728,882,0,1
13283.3,727272,1128,0.443,0.1443,743,0,1
13300.0,728200,1129,0.822,0.1822,928,0,1
13322.1,729450,1130,1.449,0.2449,1250,0,1
13346.0,730804,1131,1.671,0.2671,1354,0,1
13348.7,730902,1132,-0.81,0.019,98,0,1
13372.6,732266,1133,1.671,0.2671,1364,0,1
13396.5,733630,1134,1.671,0.2671,1364,0,1
13415.4,734686,1135,1.074,0.2074,1056,0,1
13435.3,735803,1136,1.21,0.221,1117,0,1
13457.2,737044,1137,1.43,0.243,1241,0,1
13474.9,738033,1138,0.941,0.1941,989,0,1
13489.5,738837,1139,0.581,0.1581,804,0,1
13513.4,740201,1140,1.671,0.2671,1364,0,1
13532.3,741259,1141,1.076,0.2076,1058,0,1
13556.2,742622,1142,1.671,0.2671,1363,0,1
13580.2,743980,1143,1.679,0.2679,1358,0,1
13604.1,745344,1144,1.671,0.2671,1364,0,1
13615.0,745933,1145,0.144,0.1144,589,0,1
13620.8,746207,1146,-0.45,0.055,274,0,1
13644.7,747572,1147,1.673,0.2673,1365,0,1
13668.6,748934,1148,1.671,0.2671,1362,0,1
13692.6,750287,1149,1.671,0.2671,1353,0,1
13716.5,751651,1150,1.671,0.2671,1364,0,1
13725.8,752138,1151,-0.036,0.0964,487,0,1
13749.8,753502,1152,1.671,0.2671,1364,0,1
13773.7,754865,1153,1.671,0.2671,1363,0,1
13797.7,756225,1154,1.671,0.2671,1360,0,1
13816.4,757277,1155,1.065,0.2065,1052,0,1
13840.3,758641,1156,1.671,0.2671,1364,0,1
13864.3,760004,1157,1.673,0.2673,1363,0,1
13888.2,761356,1158,1.671,0.2671,1352,0,1
13910.3,762608,1159,1.453,0.2453,1252,0,1
13926.2,763487,1160,0.728,0.1728,879,0,1
13942.8,764417,1161,0.818,0.1818,930,0,1
13966.7,765781,1162,1.671,0.2671,1364,0,1
13982.6,766660,1163,0.728,0.1728,879,0,1
14006.5,768023,1164,1.671,0.2671,1363,0,1
14024.2,769015,1165,0.949,0.1949,992,0,1
14045.3,770207,1166,1.335,0.2335,1192,0,1
14069.2,771569,1167,1.671,0.2671,1362,0,1
14087.2,772578,1168,0.979,0.1979,1009,0,1
14111.2,773932,1169,1.671,0.2671,1354,0,1
14135.1,775294,1170,1.671,0.2671,1362,0,1
14159.0,776658,1171,1.671,0.2671,1364,0,1
14176.7,777646,1172,0.941,0.1941,988,0,1
14200.6,779000,1173,1.671,0.2671,1354,0,1
14218.3,779989,1174,0.941,0.1941,989,0,1
14240.4,781242,1175,1.454,0.2454,1253,0,1
14264.3,782606,1176,1.671,0.2671,1364,0,1
14282.0,783594,1177,0.941,0.1941,988,0,1
14305.9,784947,1178,1.671,0.2671,1353,0,1
14329.8,786311,1179,1.671,0.2671,1364,0,1
14353.8,787675,1180,1.671,0.2671,1364,0,1
14364.7,788256,1181,0.146,0.1146,581,0,1
14386.7,789508,1182,1.452,0.2452,1252,0,1
14407.1,790660,1183,1.257,0.2257,1152,0,1
14427.5,791810,1184,1.257,0.2257,1150,0,1
14451.5,793164,1185,1.671,0.2671,1354,0,1
14475.4,794528,1186,1.671,0.2671,1364,0,1
14499.3,795892,1187,1.671,0.2671,1364,0,1
14522.6,797203,1188,1.591,0.2591,1311,0,1
14546.5,798567,1189,1.671,0.2671,1364,0,1
14570.4,799930,1190,1.671,0.2671,1363,0,1
14592.3,801171,1191,1.432,0.2432,1241,0,1
14612.6,802307,1192,1.244,0.2244,1136,0,1
14631.0,803335,1193,1.019,0.2019,1028,0,1
14652.9,804577,1194,1.432,0.2432,1242,0,1
14676.8,805940,1195,1.671,0.2671,1363,0,1
14700.8,807304,1196,1.671,0.2671,1364,0,1
14724.7,808657,1197,1.671,0.2671,1353,0,1
14748.7,810021,1198,1.671,0.2671,1364,0,1
14772.6,811384,1199,1.671,0.2671,1363,0,1
14794.6,812625,1200,1.452,0.2452,1241,0,1
14806.4,813265,1201,0.244,0.1244,640,0,1
14817.2,813845,1202,0.144,0.1144,580,0,1
14841.2,815211,1203,1.677,0.2677,1366,0,1
14865.2,816575,1204,1.671,0.2671,1364,0,1
14889.1,817930,1205,1.671,0.2671,1355,0,1
14914.0,819354,1206,1.789,0.2789,1424,0,1
14938.0,820717,1207,1.673,0.2673,1363,0,1
14956.8,821761,1208,1.065,0.2065,1044,0,1
14975.1,822789,1209,1.019,0.2019,1028,0,1
15000.0,824209,1210,1.783,0.2783,1420,0,1
15024.9,825632,1211,1.787,0.2787,1423,0,1
15048.9,826991,1212,1.679,0.2679,1359,0,1
15060.5,827621,1213,0.225,0.1225,630,0,1
15084.4,828976,1214,1.671,0.2671,1355,0,1
15090.1,829254,1215,-0.461,0.0539,278,0,1
15095.9,829540,1216,-0.445,0.0555,286,0,1
15106.8,830120,1217,0.144,0.1144,580,0,1
15128.0,831317,1218,1.347,0.2347,1197,0,1
15152.9,832740,1219,1.788,0.2788,1423,0,1
15177.8,834152,1220,1.783,0.2783,1412,0,1
15201.7,835516,1221,1.671,0.2671,1364,0,1
15225.6,836880,1222,1.671,0.2671,1364,0,1
15236.0,837426,1223,0.081,0.1081,546,0,1
15260.0,838791,1224,1.676,0.2676,1365,0,1
15283.9,840155,1225,1.671,0.2671,1364,0,1
15307.8,841509,1226,1.671,0.2671,1354,0,1
15332.7,842928,1227,1.783,0.2783,1419,0,1
15343.6,843508,1228,0.144,0.1144,580,0,1
15368.4,844929,1229,1.783,0.2783,1421,0,1
15390.8,846201,1230,1.492,0.2492,1272,0,1
15408.5,847190,1231,0.941,0.1941,989,0,1
15433.4,848602,1232,1.783,0.2783,1412,0,1
15442.2,849070,1233,-0.091,0.0909,468,0,1
15466.3,850433,1234,1.675,0.2675,1363,0,1
15484.6,851462,1235,1.019,0.2019,1029,0,1
15508.5,852826,1236,1.674,0.2674,1364,0,1
15530.9,854099,1237,1.492,0.2492,1273,0,1
15544.7,854852,1238,0.482,0.1482,753,0,1
15555.0,855409,1239,0.083,0.1083,557,0,1
15579.9,856819,1240,1.783,0.2783,1410,0,1
15604.8,858240,1241,1.783,0.2783,1421,0,1
15616.5,858870,1242,0.244,0.1244,630,0,1
15628.2,859510,1243,0.244,0.1244,640,0,1
15639.9,860141,1244,0.244,0.1244,631,0,1
15663.8,861505,1245,1.671,0.2671,1364,0,1
15687.8,862857,1246,1.671,0.2671,1352,0,1
15712.6,864278,1247,1.783,0.2783,1421,0,1
15726.4,865030,1248,0.482,0.1482,752,0,1
15740.6,865808,1249,0.531,0.1531,778,0,1
15758.3,866806,1250,0.941,0.1941,998,0,1
15775.9,867795,1251,0.941,0.1941,989,0,1
15786.8,868376,1252,0.146,0.1146,581,0,1
15810.7,869739,1253,1.671,0.2671,1363,0,1
15826.6,870618,1254,0.728,0.1728,879,0,1
15836.8,871157,1255,0.068,0.1068,539,0,1
15859.2,872429,1256,1.492,0.2492,1272,0,1
15870.1,873012,1257,0.15,0.115,583,0,1
15881.9,873652,1258,0.244,0.1244,640,0,1
15905.8,875009,1259,1.671,0.2671,1357,0,1
15916.7,875598,1260,0.144,0.1144,589,0,1
15934.5,876595,1261,0.956,0.1956,997,0,1
15945.4,877175,1262,0.144,0.1144,580,0,1
15954.0,877631,1263,-0.114,0.0886,456,0,1
15965.7,878262,1264,0.244,0.1244,631,0,1
15976.0,878814,1265,0.073,0.1073,552,0,1
15982.1,879111,1266,-0.407,0.0593,297,0,1
15999.8,880109,1267,0.941,0.1941,998,0,1
16010.1,880651,1268,0.071,0.1071,542,0,1
16027.8,881643,1269,0.947,0.1947,992,0,1
16033.5,881921,1270,-0.461,0.0539,278,0,1
16043.7,882460,1271,0.068,0.1068,539,0,1
16061.4,883447,1272,0.941,0.1941,987,0,1
16079.1,884438,1273,0.945,0.1945,991,0,1
16089.4,884988,1274,0.07,0.107,550,0,1
16099.5,885528,1275,0.067,0.1067,540,0,1
16117.3,886521,1276,0.949,0.1949,993,0,1
16120.1,886626,1277,-0.797,0.0203,105,0,1
16131.0,887215,1278,0.144,0.1144,589,0,1
16133.8,887309,1279,-0.798,0.0202,94,0,1
16144.6,887898,1280,0.144,0.1144,589,0,1
16162.3,888887,1281,0.943,0.1943,989,0,1
16171.0,889343,1282,-0.114,0.0886,456,0,1
16181.9,889922,1283,0.144,0.1144,579,0,1
16184.6,890025,1284,-0.8,0.02,103,0,1
16196.3,890656,1285,0.244,0.1244,631,0,1
16206.7,891212,1286,0.081,0.1081,556,0,1
16224.4,892203,1287,0.947,0.1947,991,0,1
16242.2,893198,1288,0.952,0.1952,995,0,1
16247.8,893466,1289,-0.46,0.054,268,0,1
16250.6,893569,1290,-0.801,0.0199,103,0,1
16268.3,894560,1291,0.946,0.1946,991,0,1
16280.0,895200,1292,0.244,0.1244,640,0,1
16297.7,896188,1293,0.941,0.1941,988,0,1
16315.4,897176,1294,0.941,0.1941,988,0,1
16333.1,898166,1295,0.943,0.1943,990,0,1
16350.8,899155,1296,0.941,0.1941,989,0,1
16368.5,900144,1297,0.941,0.1941,989,0,1
16386.2,901133,1298,0.941,0.1941,989,0,1
16403.8,902121,1299,0.941,0.1941,988,0,1
16421.6,903113,1300,0.946,0.1946,992,0,1
16439.2,904102,1301,0.941,0.1941,989,0,1
16451.0,904733,1302,0.244,0.1244,631,0,1
16468.8,905729,1303,0.941,0.1941,996,0,1
16486.3,906728,1304,0.943,0.1943,999,0,1
16496.7,907276,1305,0.083,0.1083,548,0,1
16514.4,908264,1306,0.941,0.1941,988,0,1
16532.0,909251,1307,0.941,0.1941,987,0,1
16543.7,909880,1308,0.241,0.1241,629,0,1
16561.4,910869,1309,0.943,0.1943,989,0,1
16579.1,911869,1310,0.944,0.1944,1000,0,1
16596.8,912859,1311,0.944,0.1944,990,0,1
16614.5,913847,1312,0.941,0.1941,988,0,1
16632.2,914839,1313,0.945,0.1945,992,0,1
16650.0,915830,1314,0.944,0.1944,991,0,1
16660.2,916375,1315,0.079,0.1079,545,0,1
16671.9,916997,1316,0.231,0.1231,622,0,1
16689.5,917995,1317,0.941,0.1941,998,0,1
16707.3,918985,1318,0.944,0.1944,990,0,1
16720.5,919705,1319,0.418,0.1418,720,0,1
16735.7,920548,1320,0.66,0.166,843,0,1
16753.4,921536,1321,0.941,0.1941,988,0,1
16771.1,922524,1322,0.941,0.1941,988,0,1
16788.9,923517,1323,0.95,0.195,993,0,1
16806.6,924509,1324,0.946,0.1946,992,0,1
16809.4,924612,1325,-0.801,0.0199,103,0,1
16827.1,925601,1326,0.941,0.1941,989,0,1
16844.8,926590,1327,0.941,0.1941,989,0,1
16862.5,927581,1328,0.944,0.1944,991,0,1
16880.2,928574,1329,0.949,0.1949,993,0,1
16897.9,929565,1330,0.944,0.1944,991,0,1
16915.6,930552,1331,0.941,0.1941,987,0,1
16933.4,931544,1332,0.946,0.1946,992,0,1
16951.0,932533,1333,0.941,0.1941,989,0,1
16968.8,933524,1334,0.945,0.1945,991,0,1
16984.6,934403,1335,0.728,0.1728,879,0,1
16987.4,934506,1336,-0.801,0.0199,103,0,1
17005.0,935496,1337,0.943,0.1943,990,0,1
17022.7,936487,1338,0.944,0.1944,991,0,1
17034.3,937120,1339,0.231,0.1231,633,0,1
17052.0,938109,1340,0.941,0.1941,989,0,1
17069.7,939098,1341,0.941,0.1941,989,0,1
17082.2,939772,1342,0.327,0.1327,674,0,1
17099.8,940760,1343,0.941,0.1941,988,0,1
17114.9,941589,1344,0.63,0.163,829,0,1
17132.5,942587,1345,0.941,0.1941,998,0,1
17150.3,943578,1346,0.945,0.1945,991,0,1
17168.0,944566,1347,0.941,0.1941,988,0,1
17182.1,945345,1348,0.531,0.1531,779,0,1
17199.8,946333,1349,0.941,0.1941,988,0,1
17217.5,947322,1350,0.941,0.1941,989,0,1
17231.7,948101,1351,0.531,0.1531,779,0,1
17249.4,949090,1352,0.941,0.1941,989,0,1
17267.1,950078,1353,0.941,0.1941,988,0,1
17284.7,951065,1354,0.941,0.1941,987,0,1
17298.9,951843,1355,0.531,0.1531,778,0,1
17307.6,952299,1356,-0.114,0.0886,456,0,1
17321.8,953077,1357,0.531,0.1531,778,0,1
17339.5,954066,1358,0.941,0.1941,989,0,1
17357.1,955055,1359,0.941,0.1941,989,0,1
17374.8,956043,1360,0.941,0.1941,988,0,1
17392.5,957031,1361,0.941,0.1941,988,0,1
17410.2,958020,1362,0.941,0.1941,989,0,1
17427.9,959009,1363,0.941,0.1941,989,0,1
17445.6,960001,1364,0.941,0.1941,992,0,1
17457.1,960634,1365,0.231,0.1231,633,0,1
17474.8,961622,1366,0.941,0.1941,988,0,1
17492.5,962610,1367,0.941,0.1941,988,0,1
17510.2,963599,1368,0.941,0.1941,989,0,1
17527.9,964588,1369,0.941,0.1941,989,0,1
17541.1,965310,1370,0.42,0.142,722,0,1
17556.4,966155,1371,0.66,0.166,845,0,1
17574.0,967153,1372,0.941,0.1941,998,0,1
17591.7,968141,1373,0.941,0.1941,988,0,1
17607.6,969020,1374,0.728,0.1728,879,0,1
17625.2,970008,1375,0.941,0.1941,988,0,1
17643.0,970999,1376,0.947,0.1947,991,0,1
17648.6,971266,1377,-0.462,0.0538,267,0,1
17666.3,972264,1378,0.941,0.1941,998,0,1
17684.0,973252,1379,0.941,0.1941,988,0,1
17686.7,973340,1380,-0.81,0.019,88,0,1
17704.5,974337,1381,0.941,0.1941,997,0,1
17722.1,975335,1382,0.941,0.1941,998,0,1
17739.8,976327,1383,0.947,0.1947,992,0,1
17757.5,977313,1384,0.943,0.1943,986,0,1
17775.2,978300,1385,0.947,0.1947,987,0,1
17793.0,979291,1386,0.947,0.1947,991,0,1
17810.7,980284,1387,0.948,0.1948,993,0,1
17828.4,981272,1388,0.941,0.1941,988,0,1
17846.1,982259,1389,0.941,0.1941,987,0,1
17863.8,983251,1390,0.947,0.1947,992,0,1
17881.5,984240,1391,0.941,0.1941,989,0,1
17899.2,985230,1392,0.943,0.1943,990,0,1
17916.9,986222,1393,0.947,0.1947,992,0,1
17934.6,987211,1394,0.941,0.1941,989,0,1
17952.3,988200,1395,0.941,0.1941,989,0,1
17970.0,989188,1396,0.941,0.1941,988,0,1
17987.6,990177,1397,0.941,0.1941,989,0,1
18005.3,991166,1398,0.941,0.1941,989,0,1
18016.2,991746,1399,0.144,0.1144,580,0,1
18031.5,992599,1400,0.66,0.166,853,0,1
18049.1,993588,1401,0.941,0.1941,989,0,1
18064.4,994431,1402,0.66,0.166,843,0,1
18082.1,995418,1403,0.941,0.1941,987,0,1
18099.8,996407,1404,0.941,0.1941,989,0,1
18117.5,997397,1405,0.946,0.1946,990,0,1
18135.2,998386,1406,0.941,0.1941,989,0,1
18152.9,999375,1407,0.941,0.1941,989,0,1
18170.6,1000364,1408,0.941,0.1941,989,0,1
18188.3,1001355,1409,0.948,0.1948,991,0,1
18206.0,1002346,1410,0.947,0.1947,991,0,1
18223.7,1003334,1411,0.941,0.1941,988,0,1
18241.4,1004322,1412,0.941,0.1941,988,0,1
18259.1,1005311,1413,0.941,0.1941,989,0,1
18276.8,1006299,1414,0.941,0.1941,988,0,1
18285.4,1006755,1415,-0.114,0.0886,456,0,1
18303.1,1007743,1416,0.941,0.1941,988,0,1
18320.7,1008731,1417,0.941,0.1941,988,0,1
18344.7,1010094,1418,1.673,0.2673,1363,0,1
18364.7,1011211,1419,1.21,0.221,1117,0,1
18388.6,1012574,1420,1.671,0.2671,1363,0,1
18412.6,1013938,1421,1.671,0.2671,1364,0,1
18437.5,1015354,1422,1.789,0.2789,1416,0,1
18459.5,1016601,1423,1.445,0.2445,1247,0,1
18483.5,1017964,1424,1.671,0.2671,1363,0,1
18507.4,1019328,1425,1.671,0.2671,1364,0,1
18531.3,1020682,1426,1.671,0.2671,1354,0,1
18553.4,1021933,1427,1.452,0.2452,1251,0,1
18577.4,1023298,1428,1.672,0.2672,1365,0,1
18601.3,1024655,1429,1.677,0.2677,1357,0,1
18617.2,1025537,1430,0.728,0.1728,882,0,1
18640.0,1026835,1431,1.542,0.2542,1298,0,1
18664.9,1028256,1432,1.783,0.2783,1421,0,1
18689.8,1029667,1433,1.783,0.2783,1411,0,1
18714.6,1031087,1434,1.783,0.2783,1420,0,1
18726.2,1031710,1435,0.231,0.1231,623,0,1
18750.2,1033075,1436,1.671,0.2671,1365,0,1
18775.1,1034495,1437,1.783,0.2783,1420,0,1
18799.9,1035907,1438,1.783,0.2783,1412,0,1
18824.8,1037328,1439,1.783,0.2783,1421,0,1
18849.7,1038748,1440,1.783,0.2783,1420,0,1
18875.1,1040189,1441,1.841,0.2841,1441,0,1
18900.0,1041610,1442,1.783,0.2783,1421,0,1
18923.9,1042964,1443,1.672,0.2672,1354,0,1
18942.0,1043976,1444,0.985,0.1985,1012,0,1
18967.9,1045457,1445,1.9,0.29,1481,0,1
18993.4,1046913,1446,1.849,0.2849,1456,0,1
19014.4,1048093,1447,1.334,0.2334,1180,0,1
19040.0,1049554,1448,1.859,0.2859,1461,0,1
19065.4,1051007,1449,1.845,0.2845,1453,0,1
19078.9,1051741,1450,0.443,0.1443,734,0,1
19111.5,1053618,1451,2.687,0.3687,1877,0,1
19123.3,1054249,1452,0.244,0.1244,631,0,1
19135.0,1054889,1453,0.244,0.1244,640,0,1
19146.7,1055519,1454,0.244,0.1244,630,0,1
19160.4,1056272,1455,0.482,0.1482,753,0,1
19192.5,1058124,1456,2.619,0.3619,1852,0,1
19216.5,1059480,1457,1.673,0.2673,1356,0,1
19240.4,1060844,1458,1.671,0.2671,1364,0,1
19264.4,1062208,1459,1.673,0.2673,1364,0,1
19288.3,1063561,1460,1.671,0.2671,1353,0,1
19300.0,1064201,1461,0.244,0.1244,640,0,1
19322.8,1065490,1462,1.542,0.2542,1289,0,1
19342.8,1066617,1463,1.21,0.221,1127,0,1
19366.7,1067981,1464,1.671,0.2671,1364,0,1
19390.7,1069344,1465,1.673,0.2673,1363,0,1
19407.3,1070269,1466,0.818,0.1818,925,0,1
19433.1,1071733,1467,1.886,0.2886,1464,0,1
19449.7,1072659,1468,0.818,0.1818,926,0,1
19461.4,1073299,1469,0.244,0.1244,640,0,1
19491.4,1075016,1470,2.378,0.3378,1717,0,1
19523.4,1076855,1471,2.614,0.3614,1839,0,1
19555.4,1078700,1472,2.607,0.3607,1845,0,1
19586.9,1080511,1473,2.557,0.3557,1811,0,1
19618.9,1082344,1474,2.603,0.3603,1833,0,1
19652.8,1084299,1475,2.838,0.3838,1955,0,1
19664.5,1084930,1476,0.244,0.1244,631,0,1
19696.5,1086774,1477,2.605,0.3605,1844,0,1
19718.5,1088010,1478,1.442,0.2442,1236,0,1
19752.4,1089973,1479,2.838,0.3838,1963,0,1
19772.4,1091088,1480,1.21,0.221,1115,0,1
19804.0,1092913,1481,2.566,0.3566,1825,0,1
19835.3,1094705,1482,2.523,0.3523,1792,0,1
19867.2,1096536,1483,2.597,0.3597,1831,0,1
19899.2,1098375,1484,2.612,0.3612,1839,0,1
19910.9,1099015,1485,0.244,0.1244,640,0,1
19933.7,1100304,1486,1.542,0.2542,1289,0,1
19965.0,1102107,1487,2.523,0.3523,1803,0,1
19996.5,1103920,1488,2.562,0.3562,1813,0,1
20028.7,1105769,1489,2.632,0.3632,1849,0,1
20060.0,1107562,1490,2.523,0.3523,1793,0,1
20078.0,1108573,1491,0.985,0.1985,1011,0,1
20096.1,1109584,1492,0.985,0.1985,1011,0,1
20113.9,1110578,1493,0.954,0.1954,994,0,1
20132.0,1111590,1494,0.987,0.1987,1012,0,1
20158.0,1113077,1495,1.911,0.2911,1487,0,1
20184.0,1114566,1496,1.913,0.2913,1489,0,1
20209.3,1116002,1497,1.83,0.283,1436,0,1
20234.5,1117445,1498,1.826,0.2826,1443,0,1
20252.2,1118435,1499,0.943,0.1943,990,0,1
20274.3,1119686,1500,1.451,0.2451,1251,0,1
20299.5,1121119,1501,1.824,0.2824,1433,0,1
20325.1,1122577,1502,1.855,0.2855,1458,0,1
20350.0,1123992,1503,1.791,0.2791,1415,0,1
20374.9,1125413,1504,1.783,0.2783,1421,0,1
20400.3,1126864,1505,1.841,0.2841,1451,0,1
20425.7,1128308,1506,1.845,0.2845,1444,0,1
20451.6,1129788,1507,1.896,0.2896,1480,0,1
20457.4,1130065,1508,-0.445,0.0555,277,0,1
20469.1,1130705,1509,0.244,0.1244,640,0,1
20495.0,1132172,1510,1.89,0.289,1467,0,1
20520.7,1133642,1511,1.878,0.2878,1470,0,1
20544.7,1135010,1512,1.679,0.2679,1368,0,1
20570.5,1136476,1513,1.888,0.2888,1466,0,1
20594.4,1137840,1514,1.673,0.2673,1364,0,1
20625.7,1139632,1515,2.523,0.3523,1792,0,1
20659.6,1141585,1516,2.838,0.3838,1953,0,1
20690.9,1143378,1517,2.523,0.3523,1793,0,1
20701.7,1143967,1518,0.144,0.1144,589,0,1
20744.7,1146451,1519,3.886,0.4886,2484,0,1
20775.9,1148252,1520,2.523,0.3523,1801,0,1
20805.9,1149970,1521,2.378,0.3378,1718,0,1
20816.8,1150550,1522,0.144,0.1144,580,0,1
20850.9,1152513,1523,2.838,0.3838,1963,0,1
20862.4,1153153,1524,0.244,0.1244,640,0,1
20898.5,1155234,1525,3.085,0.4085,2081,0,1
20932.4,1157187,1526,2.838,0.3838,1953,0,1
20941.1,1157634,1527,-0.114,0.0886,447,0,1
20963.1,1158884,1528,1.447,0.2447,1250,0,1
20973.5,1159441,1529,0.083,0.1083,557,0,1
20991.1,1160429,1530,0.941,0.1941,988,0,1
21000.0,1160887,1531,-0.093,0.0907,458,0,1
21039.9,1163200,1532,3.534,0.4534,2313,0,1
21050.8,1163779,1533,0.144,0.1144,579,0,1
21086.4,1165839,1534,3.041,0.4041,2060,0,1
21117.7,1167642,1535,2.523,0.3523,1803,0,1
21154.9,1169794,1536,3.219,0.4219,2152,0,1
21188.8,1171747,1537,2.838,0.3838,1953,0,1
21211.2,1173009,1538,1.492,0.2492,1262,0,1
21229.0,1174010,1539,0.946,0.1946,1001,0,1
21265.0,1176081,1540,3.085,0.4085,2071,0,1
21296.3,1177883,1541,2.523,0.3523,1802,0,1
21336.2,1180188,1542,3.534,0.4534,2305,0,1
21360.1,1181549,1543,1.671,0.2671,1361,0,1
21384.1,1182912,1544,1.671,0.2671,1363,0,1
21408.0,1184267,1545,1.671,0.2671,1355,0,1
21431.9,1185630,1546,1.671,0.2671,1363,0,1
21455.8,1186994,1547,1.671,0.2671,1364,0,1
21479.9,1188353,1548,1.671,0.2671,1359,0,1
21503.7,1189716,1549,1.671,0.2671,1363,0,1
21527.6,1191079,1550,1.671,0.2671,1363,0,1
21551.6,1192442,1551,1.671,0.2671,1363,0,1
21587.4,1194497,1552,3.041,0.4041,2055,0,1
21624.5,1196648,1553,3.219,0.4219,2151,0,1
21660.5,1198731,1554,3.085,0.4085,2083,0,1
21700.5,1201045,1555,3.534,0.4534,2314,0,1
21724.4,1202409,1556,1.671,0.2671,1364,0,1
21750.2,1203876,1557,1.89,0.289,1467,0,1
21787.4,1206026,1558,3.219,0.4219,2150,0,1
21827.3,1208339,1559,3.534,0.4534,2313,0,1
21864.5,1210490,1560,3.219,0.4219,2151,0,1
21901.7,1212641,1561,3.219,0.4219,2151,0,1
21907.9,1212936,1562,-0.407,0.0593,295,0,1
21941.8,1214900,1563,2.838,0.3838,1964,0,1
21961.8,1216015,1564,1.21,0.221,1115,0,1
22004.7,1218509,1565,3.885,0.4885,2494,0,1
22030.9,1220004,1566,1.927,0.2927,1495,0,1
22063.3,1221866,1567,2.66,0.366,1862,0,1
22103.2,1224178,1568,3.534,0.4534,2312,0,1
22122.0,1225221,1569,1.065,0.2065,1043,0,1
22153.2,1227024,1570,2.524,0.3524,1803,0,1
22177.1,1228378,1571,1.671,0.2671,1354,0,1
22209.2,1230229,1572,2.62,0.362,1851,0,1
22229.5,1231363,1573,1.244,0.2244,1134,0,1
22266.6,1233504,1574,3.202,0.4202,2141,0,1
22288.5,1234750,1575,1.442,0.2442,1246,0,1
22298.8,1235302,1576,0.073,0.1073,552,0,1
22319.8,1236484,1577,1.334,0.2334,1182,0,1
22353.8,1238448,1578,2.838,0.3838,1964,0,1
22365.5,1239078,1579,0.244,0.1244,630,0,1
22401.5,1241161,1580,3.085,0.4085,2083,0,1
22426.5,1242589,1581,1.795,0.2795,1428,0,1
22462.6,1244670,1582,3.085,0.4085,2081,0,1
22496.5,1246624,1583,2.838,0.3838,1954,0,1
22536.5,1248928,1584,3.534,0.4534,2304,0,1
22580.8,1251505,1585,4.049,0.5049,2577,0,1
22612.0,1253298,1586,2.523,0.3523,1793,0,1
22646.0,1255252,1587,2.838,0.3838,1954,0,1
22671.5,1256712,1588,1.857,0.2857,1460,0,1
22677.2,1256981,1589,-0.461,0.0539,269,0,1
22687.4,1257530,1590,0.068,0.1068,549,0,1
22721.3,1259485,1591,2.838,0.3838,1955,0,1
22755.3,1261437,1592,2.838,0.3838,1952,0,1
22776.3,1262628,1593,1.334,0.2334,1191,0,1
22810.2,1264582,1594,2.838,0.3838,1954,0,1
22848.8,1266814,1595,3.377,0.4377,2232,0,1
22888.7,1269127,1596,3.534,0.4534,2313,0,1
22899.6,1269707,1597,0.144,0.1144,580,0,1
22944.0,1272289,1598,4.057,0.5057,2582,0,1
22954.8,1272868,1599,0.144,0.1144,579,0,1
22965.7,1273447,1600,0.144,0.1144,579,0,1
22982.4,1274373,1601,0.818,0.1818,926,0,1
23018.4,1276455,1602,3.085,0.4085,2082,0,1
23031.8,1277192,1603,0.431,0.1431,737,0,1
23037.5,1277465,1604,-0.451,0.0549,273,0,1
23080.4,1279953,1605,3.877,0.4877,2488,0,1
23091.3,1280530,1606,0.144,0.1144,577,0,1
23094.0,1280633,1607,-0.801,0.0199,103,0,1
23126.4,1282504,1608,2.656,0.3656,1871,0,1
23138.1,1283135,1609,0.244,0.1244,631,0,1
23181.0,1285622,1610,3.875,0.4875,2487,0,1
23191.9,1286202,1611,0.144,0.1144,580,0,1
23202.7,1286781,1612,0.144,0.1144,579,0,1
23234.8,1288634,1613,2.622,0.3622,1853,0,1
23237.6,1288729,1614,-0.797,0.0203,95,0,1
23248.5,1289318,1615,0.144,0.1144,589,0,1
23259.4,1289901,1616,0.15,0.115,583,0,1
23269.6,1290453,1617,0.073,0.1073,552,0,1
23281.4,1291084,1618,0.244,0.1244,631,0,1
23284.2,1291189,1619,-0.797,0.0203,105,0,1
23287.0,1291294,1620,-0.797,0.0203,105,0,1
23298.7,1291925,1621,0.244,0.1244,631,0,1
23308.9,1292476,1622,0.071,0.1071,551,0,1
23320.6,1293107,1623,0.244,0.1244,631,0,1
23330.8,1293658,1624,0.07,0.107,551,0,1
23333.6,1293762,1625,-0.799,0.0201,104,0,1
23343.9,1294309,1626,0.083,0.1083,547,0,1
23355.6,1294940,1627,0.244,0.1244,631,0,1
23365.9,1295491,1628,0.07,0.107,551,0,1
23376.1,1296032,1629,0.069,0.1069,541,0,1
23387.0,1296623,1630,0.148,0.1148,591,0,1
23397.2,1297162,1631,0.067,0.1067,539,0,1
23408.9,1297802,1632,0.244,0.1244,640,0,1
23420.6,1298431,1633,0.242,0.1242,629,0,1
23432.3,1299060,1634,0.242,0.1242,629,0,1
23444.0,1299700,1635,0.244,0.1244,640,0,1
23454.8,1300280,1636,0.144,0.1144,580,0,1
23465.7,1300869,1637,0.144,0.1144,589,0,1
23475.9,1301408,1638,0.067,0.1067,539,0,1
23486.1,1301957,1639,0.068,0.1068,549,0,1
23497.8,1302586,1640,0.24,0.124,629,0,1
23508.0,1303125,1641,0.068,0.1068,539,0,1
23518.9,1303714,1642,0.144,0.1144,589,0,1
23529.1,1304254,1643,0.068,0.1068,540,0,1
23539.3,1304803,1644,0.068,0.1068,549,0,1
23559.3,1305930,1645,1.21,0.221,1127,0,1
23570.1,1306510,1646,0.144,0.1144,580,0,1
23581.0,1307099,1647,0.144,0.1144,589,0,1
23592.7,1307730,1648,0.244,0.1244,631,0,1
23606.5,1308482,1649,0.482,0.1482,752,0,1
23624.2,1309474,1650,0.948,0.1948,992,0,1
23635.9,1310114,1651,0.244,0.1244,640,0,1
23647.6,1310745,1652,0.244,0.1244,631,0,1
23665.4,1311736,1653,0.946,0.1946,991,0,1
23683.1,1312729,1654,0.948,0.1948,993,0,1
23726.5,1315250,1655,3.938,0.4938,2521,0,1
23766.5,1317552,1656,3.534,0.4534,2302,0,1
23802.5,1319634,1657,3.085,0.4085,2082,0,1
23826.5,1321001,1658,1.677,0.2677,1367,0,1
23858.5,1322840,1659,2.616,0.3616,1839,0,1
23867.3,1323304,1660,-0.099,0.0901,464,0,1
23901.3,1325259,1661,2.838,0.3838,1955,0,1
23907.8,1325581,1662,-0.354,0.0646,322,0,1
23927.8,1326708,1663,1.21,0.221,1127,0,1
23961.7,1328663,1664,2.838,0.3838,1955,0,1
24005.1,1331185,1665,3.938,0.4938,2522,0,1
24039.0,1333139,1666,2.838,0.3838,1954,0,1
24083.3,1335712,1667,4.04,0.504,2573,0,1
24115.3,1337553,1668,2.618,0.3618,1841,0,1
24147.3,1339389,1669,2.607,0.3607,1836,0,1
24157.5,1339931,1670,0.071,0.1071,542,0,1
24197.4,1342245,1671,3.534,0.4534,2314,0,1
24215.1,1343234,1672,0.941,0.1941,989,0,1
24255.0,1345548,1673,3.534,0.4534,2314,0,1
24288.9,1347503,1674,2.838,0.3838,1955,0,1
24318.9,1349221,1675,2.378,0.3378,1718,0,1
24335.6,1350146,1676,0.818,0.1818,925,0,1
24354.3,1351197,1677,1.065,0.2065,1051,0,1
24378.3,1352562,1678,1.673,0.2673,1365,0,1
24414.9,1354677,1679,3.152,0.4152,2115,0,1
24451.5,1356794,1680,3.152,0.4152,2117,0,1
24488.7,1358945,1681,3.219,0.4219,2151,0,1
24523.1,1360925,1682,2.888,0.3888,1980,0,1
24560.4,1363077,1683,3.22,0.422,2152,0,1
24604.2,1365617,1684,3.995,0.4995,2540,0,1
24622.6,1366646,1685,1.019,0.2019,1029,0,1
24638.4,1367534,1686,0.728,0.1728,888,0,1
24655.1,1368458,1687,0.818,0.1818,924,0,1
24665.9,1369038,1688,0.144,0.1144,580,0,1
24681.8,1369915,1689,0.728,0.1728,877,0,1
24692.6,1370504,1690,0.144,0.1144,589,0,1
24708.5,1371383,1691,0.728,0.1728,879,0,1
24714.1,1371651,1692,-0.462,0.0538,268,0,1
24751.2,1373793,1693,3.199,0.4199,2142,0,1
24767.8,1374721,1694,0.818,0.1818,928,0,1
24776.6,1375187,1695,-0.095,0.0905,466,0,1
24786.0,1375683,1696,-0.036,0.0964,496,0,1
24800.5,1376487,1697,0.581,0.1581,804,0,1
24837.8,1378636,1698,3.22,0.422,2149,0,1
24842.0,1378817,1699,-0.641,0.0359,181,0,1
24852.8,1379406,1700,0.144,0.1144,589,0,1
24874.8,1380655,1701,1.447,0.2447,1249,0,1
24906.7,1382490,1702,2.605,0.3605,1835,0,1
24939.0,1384347,1703,2.646,0.3646,1857,0,1
24949.9,1384936,1704,0.144,0.1144,589,0,1
24971.9,1386171,1705,1.442,0.2442,1235,0,1
24978.5,1386503,1706,-0.354,0.0646,332,0,1
25010.4,1388334,1707,2.603,0.3603,1831,0,1
25042.7,1390189,1708,2.642,0.3642,1855,0,1
25048.4,1390466,1709,-0.462,0.0538,277,0,1
25066.0,1391455,1710,0.941,0.1941,989,0,1
25074.9,1391921,1711,-0.094,0.0906,466,0,1
25107.0,1393765,1712,2.624,0.3624,1844,0,1
25120.3,1394493,1713,0.431,0.1431,728,0,1
25129.6,1394989,1714,-0.036,0.0964,496,0,1
25173.9,1397553,1715,4.04,0.504,2564,0,1
25211.1,1399705,1716,3.219,0.4219,2152,0,1
25222.7,1400329,1717,0.233,0.1233,624,0,1
25254.0,1402132,1718,2.523,0.3523,1803,0,1
25286.6,1404008,1719,2.686,0.3686,1876,0,1
25320.5,1405961,1720,2.838,0.3838,1953,0,1
25357.7,1408113,1721,3.22,0.422,2152,0,1
25403.7,1410780,1722,4.241,0.5241,2667,0,1
25412.5,1411247,1723,-0.092,0.0908,467,0,1
