wall,env_steps,update,mean_return,mean_percent,best_percent,pi_loss,v_loss,entropy,kl,clip_frac,steps_per_sec
1.2,2048,0,0.616,0.1616,0.4439,-0.0032,0.0555,0.6843,0.00907,0.0425,1760.9
2.2,4096,1,0.364,0.1364,0.4439,-0.0012,0.0561,0.6861,0.00503,0.016,1915.0
3.3,6144,2,0.391,0.1391,0.4439,-0.0028,0.0378,0.6744,0.01062,0.0415,1877.5
4.5,8192,3,0.337,0.1337,0.4439,-0.0023,0.0318,0.6787,0.00441,0.0334,1835.9
5.6,10240,4,0.311,0.1311,0.4439,-0.0043,0.0322,0.6878,0.00964,0.0356,1851.7
6.7,12288,5,0.264,0.1264,0.4439,-0.0001,0.0176,0.6883,0.00029,0.0,1865.4
7.8,14336,6,0.247,0.1247,0.4439,-0.0007,0.0208,0.689,-0.0,0.0,1833.6
8.9,16384,7,0.218,0.1218,0.4439,-0.0008,0.0168,0.6844,0.00238,0.0004,1889.5
10.0,18432,8,0.234,0.1234,0.4439,-0.0018,0.0184,0.6834,0.00728,0.0127,1835.1
11.1,20480,9,0.241,0.1241,0.4439,-0.003,0.02,0.6761,0.00522,0.0411,1839.8
12.2,22528,10,0.268,0.1268,0.4439,-0.0016,0.0231,0.6787,0.00255,0.0122,1837.3
13.3,24576,11,0.265,0.1265,0.4439,-0.0001,0.0192,0.6791,0.0002,0.0,1859.4
14.4,26624,12,0.266,0.1266,0.4439,-0.0041,0.0218,0.688,0.00688,0.0247,1900.3
15.5,28672,13,0.251,0.1251,0.4439,-0.0037,0.0163,0.6822,0.00673,0.0167,1835.6
16.6,30720,14,0.265,0.1265,0.4439,-0.0017,0.016,0.684,0.00164,0.0255,1883.0
17.7,32768,15,0.26,0.126,0.4439,-0.0036,0.0148,0.6809,0.00541,0.0364,1884.2
18.8,34816,16,0.267,0.1267,0.4439,-0.0022,0.0221,0.6642,0.0106,0.0134,1876.1
20.0,36864,17,0.262,0.1262,0.4439,-0.0021,0.0177,0.6689,0.00288,0.0157,1757.9
21.1,38912,18,0.273,0.1273,0.4439,-0.0029,0.0234,0.6682,0.00506,0.0367,1862.4
22.2,40960,19,0.295,0.1295,0.4439,-0.0026,0.0244,0.6542,0.00129,0.0183,1890.7
23.3,43008,20,0.289,0.1289,0.4439,-0.0007,0.021,0.6593,0.00154,0.0,1820.1
24.4,45056,21,0.287,0.1287,0.4439,-0.0019,0.0114,0.6778,0.00235,0.01,1831.4
25.6,47104,22,0.296,0.1296,0.4439,-0.0027,0.0167,0.6846,0.00362,0.026,1814.8
26.7,49152,23,0.288,0.1288,0.4439,-0.0026,0.0116,0.6781,0.00603,0.0216,1879.1
27.8,51200,24,0.288,0.1288,0.4439,-0.0015,0.0178,0.6731,0.00194,0.0,1789.1
28.9,53248,25,0.257,0.1257,0.4439,-0.0009,0.0165,0.6827,0.00052,0.0,1869.8
30.0,55296,26,0.23,0.123,0.4439,-0.0004,0.0103,0.6859,0.00178,0.0,1838.6
31.1,57344,27,0.239,0.1239,0.4439,-0.002,0.0106,0.681,0.00123,0.0092,1892.1
32.2,59392,28,0.248,0.1248,0.4439,-0.0017,0.0124,0.6846,0.0013,0.0156,1917.9
33.3,61440,29,0.24,0.124,0.4439,-0.0027,0.015,0.6887,0.00229,0.014,1874.5
34.4,63488,30,0.242,0.1242,0.4439,-0.0031,0.0143,0.6874,0.00351,0.0068,1876.9
35.5,65536,31,0.24,0.124,0.4439,-0.0025,0.0213,0.684,0.004,0.0195,1890.5
36.6,67584,32,0.256,0.1256,0.4439,-0.008,0.0219,0.6766,0.00251,0.0363,1853.9
37.7,69632,33,0.248,0.1248,0.4439,-0.0028,0.0142,0.666,0.00076,0.0082,1893.2
38.7,71680,34,0.245,0.1245,0.4439,-0.0034,0.0161,0.6574,0.00823,0.0131,1900.2
39.9,73728,35,0.284,0.1284,0.4439,-0.0044,0.0237,0.6566,0.00633,0.0599,1830.6
41.0,75776,36,0.3,0.13,0.4439,-0.0058,0.0186,0.6434,0.006,0.0391,1845.1
42.1,77824,37,0.337,0.1337,0.4439,-0.0027,0.0163,0.642,0.00168,0.0079,1858.8
43.2,79872,38,0.341,0.1341,0.4439,-0.0064,0.018,0.6378,0.0067,0.0496,1829.8
44.3,81920,39,0.373,0.1373,0.4712,-0.0041,0.0257,0.6268,0.00949,0.0444,1834.9
45.4,83968,40,0.391,0.1391,0.4712,-0.0061,0.0243,0.6274,0.00586,0.0559,1846.9
46.5,86016,41,0.416,0.1416,0.4712,-0.0061,0.0244,0.6165,0.00371,0.0411,1875.8
47.6,88064,42,0.444,0.1444,0.4712,-0.0067,0.0234,0.6149,0.00235,0.0282,1914.4
48.7,90112,43,0.477,0.1477,0.4712,-0.0057,0.023,0.5953,0.00456,0.0424,1879.8
49.8,92160,44,0.52,0.152,0.5227,-0.0039,0.0188,0.5596,0.00401,0.0149,1874.4
50.9,94208,45,0.585,0.1585,0.8777,-0.0073,0.0236,0.587,0.00407,0.0363,1879.5
52.0,96256,46,0.628,0.1628,0.8777,-0.0045,0.0329,0.5742,0.00551,0.0282,1861.5
53.1,98304,47,0.65,0.165,0.8777,-0.0064,0.0343,0.5775,0.00206,0.0154,1849.4
54.2,100352,48,0.69,0.169,0.8777,-0.0053,0.0206,0.5732,0.0056,0.0211,1861.7
55.3,102400,49,0.829,0.1774,0.9994,-0.0016,0.3531,0.5576,0.00345,0.0353,1896.5
56.5,104448,50,0.883,0.1828,0.9994,-0.0065,0.0324,0.5418,-0.00037,0.0205,1782.2
57.6,106496,51,0.998,0.1888,0.9994,-0.0002,0.3131,0.5303,0.0028,0.0184,1863.2
58.7,108544,52,1.117,0.1952,0.9994,-0.0027,0.3012,0.5642,0.00847,0.0394,1811.9
59.8,110592,53,1.164,0.1999,0.9994,-0.0017,0.0388,0.561,0.00228,0.0261,1894.3
60.9,112640,54,1.282,0.2062,0.9994,-0.0055,0.2786,0.4954,0.01106,0.1439,1858.5
62.0,114688,55,1.314,0.2094,0.9994,-0.0053,0.0268,0.522,0.00444,0.0527,1884.3
63.1,116736,56,1.437,0.2162,0.9994,-0.0039,0.2452,0.5485,0.00842,0.11,1902.8
64.2,118784,57,1.641,0.2256,0.9994,-0.002,0.3498,0.4985,0.00466,0.0188,1887.9
65.3,120832,58,1.759,0.2319,0.9994,-0.0039,0.185,0.467,0.0021,0.0148,1897.0
66.3,122880,59,1.859,0.2364,0.9994,-0.0006,0.1881,0.4441,0.00234,0.015,1923.1
67.4,124928,60,1.911,0.2416,0.9994,-0.004,0.0569,0.4363,0.00236,0.0264,1895.7
68.5,126976,61,2.106,0.2501,0.9994,-0.0013,0.4163,0.4328,0.0026,0.0211,1905.0
69.6,129024,62,2.222,0.2562,0.9994,-0.0006,0.1574,0.4205,0.00192,0.0115,1898.8
70.7,131072,63,2.335,0.262,0.9994,-0.0034,0.1379,0.3954,0.00526,0.0479,1887.3
71.8,133120,64,2.443,0.2673,0.9994,-0.0015,0.1586,0.3844,0.00222,0.0172,1834.3
72.9,135168,65,2.583,0.2758,0.9994,-0.0022,0.1338,0.3686,0.00358,0.0439,1879.6
74.0,137216,66,2.688,0.2808,0.9994,-0.0023,0.1107,0.3742,0.00368,0.0378,1870.7
75.1,139264,67,2.796,0.2861,0.9994,-0.0015,0.0876,0.3593,0.00243,0.0237,1930.1
76.2,141312,68,2.919,0.2929,0.9994,-0.0041,0.1123,0.3601,0.00708,0.0658,1895.7
77.3,143360,69,3.049,0.3004,0.9994,-0.0022,0.1979,0.3029,0.00136,0.0248,1854.9
78.4,145408,70,3.085,0.304,0.9994,-0.0071,0.0212,0.3483,0.00691,0.0746,1894.2
79.4,147456,71,3.284,0.3129,0.9994,-0.0016,0.1764,0.3298,0.00547,0.0452,1893.3
80.5,149504,72,3.479,0.3214,0.9994,-0.0019,0.2036,0.3563,0.0022,0.0194,1908.7
81.6,151552,73,3.582,0.3262,0.9994,-0.0024,0.1543,0.3304,0.00193,0.0223,1843.5
82.7,153600,74,3.778,0.3348,0.9994,-0.003,0.229,0.3413,0.00383,0.0472,1868.2
83.8,155648,75,3.878,0.3393,0.9994,-0.0021,0.0817,0.3518,0.00306,0.0273,1865.0
84.9,157696,76,4.067,0.3472,0.9994,-0.001,0.1758,0.3006,0.00343,0.0231,1900.8
86.0,159744,77,4.183,0.3533,0.9994,-0.0026,0.1524,0.3316,0.00223,0.0273,1895.8
87.1,161792,78,4.282,0.3577,0.9994,-0.0029,0.1594,0.3605,0.00229,0.0342,1903.5
88.2,163840,79,4.484,0.3669,0.9994,-0.0033,0.1551,0.3056,0.004,0.0267,1915.4
89.3,165888,80,4.608,0.3738,0.9994,-0.002,0.2058,0.3333,0.00243,0.0172,1881.0
90.4,167936,81,4.717,0.3792,0.9994,-0.001,0.2256,0.3512,0.0033,0.0353,1873.0
91.4,169984,82,4.846,0.3866,0.9994,-0.0021,0.0972,0.3489,0.00362,0.0294,1946.5
92.5,172032,83,4.932,0.3897,0.9994,-0.0015,0.1526,0.3489,0.00233,0.0367,1902.8
93.6,174080,84,5.116,0.3971,0.9994,-0.0024,0.1518,0.3152,0.00274,0.0172,1884.2
94.7,176128,85,5.21,0.401,0.9994,-0.0011,0.1638,0.2956,0.00252,0.0498,1875.3
95.8,178176,86,5.403,0.4093,0.9994,-0.0012,0.2676,0.3291,0.00173,0.0177,1862.1
96.9,180224,87,5.604,0.4184,0.9994,-0.001,0.1043,0.3312,0.00277,0.0156,1887.2
98.0,182272,88,5.703,0.4228,0.9994,-0.0032,0.0612,0.3226,0.004,0.0385,1912.1
99.1,184320,89,5.813,0.4283,0.9994,-0.0008,0.0945,0.2921,0.0028,0.0276,1873.1
100.2,186368,90,5.959,0.4374,0.9994,-0.0027,0.1912,0.3138,0.00348,0.0483,1884.8
101.3,188416,91,6.074,0.4434,0.9994,-0.0033,0.1023,0.3497,0.00046,0.0358,1890.8
102.4,190464,92,6.114,0.4474,0.9994,-0.0028,0.0557,0.2974,0.00482,0.0364,1889.7
103.4,192512,93,6.31,0.456,0.9994,0.0003,0.4468,0.3306,0.00263,0.0179,1903.3
104.5,194560,94,6.41,0.4605,0.9994,-0.0011,0.1199,0.3422,0.00125,0.014,1894.2
105.7,196608,95,6.543,0.4683,0.9994,-0.0012,0.1189,0.3247,0.00104,0.0116,1778.7
106.8,198656,96,6.642,0.4727,0.9994,-0.0023,0.09,0.3454,0.00442,0.0405,1910.1
107.9,200704,97,6.843,0.4818,0.9994,-0.0032,0.1418,0.3253,0.00423,0.0262,1898.7
108.9,202752,98,6.937,0.4857,0.9994,-0.002,0.1886,0.3183,-0.00024,0.024,1903.3
110.0,204800,99,7.122,0.4932,0.9994,-0.002,0.2006,0.3653,0.00362,0.0297,1888.0
111.1,206848,100,7.319,0.5019,0.9994,-0.0021,0.2533,0.3094,-0.00031,0.0132,1887.1
112.2,208896,101,7.418,0.5063,0.9994,-0.002,0.14,0.3431,0.00192,0.0238,1881.1
113.3,210944,102,7.56,0.515,0.9994,-0.0013,0.1882,0.3564,-0.00036,0.0262,1859.5
114.4,212992,103,7.66,0.5195,0.9994,-0.0016,0.087,0.3632,0.00352,0.03,1874.0
115.5,215040,104,7.86,0.5285,0.9994,-0.0018,0.2098,0.3207,0.00441,0.0426,1914.1
116.6,217088,105,7.96,0.533,0.9994,-0.0011,0.1673,0.3723,0.00032,0.0201,1820.1
117.8,219136,106,8.133,0.5393,0.9994,-0.0009,0.2518,0.3146,0.00095,0.0287,1690.6
119.1,221184,107,8.329,0.5479,0.9994,-0.003,0.239,0.3328,0.00362,0.0334,1689.0
120.3,223232,108,8.371,0.5521,0.9994,-0.0024,0.0425,0.3847,0.00336,0.0453,1686.1
121.4,225280,109,8.567,0.5607,0.9994,-0.0013,0.2443,0.37,0.00728,0.0349,1891.3
122.5,227328,110,8.688,0.5673,0.9994,-0.0021,0.16,0.4087,0.00184,0.0127,1896.9
123.6,229376,111,8.775,0.5705,0.9994,-0.001,0.1246,0.3821,0.00176,0.0149,1884.1
124.7,231424,112,8.973,0.5793,0.9994,-0.0012,0.2523,0.3647,0.00387,0.0175,1894.7
125.7,233472,113,9.174,0.5884,0.9994,-0.0011,0.1484,0.366,0.0062,0.0297,1887.8
126.8,235520,114,9.202,0.5912,0.9994,-0.006,0.0216,0.4184,0.00294,0.0415,1908.2
127.9,237568,115,9.325,0.598,0.9994,-0.0022,0.1504,0.3629,0.00284,0.0237,1896.2
129.0,239616,116,9.522,0.6067,0.9994,-0.0023,0.1475,0.3758,0.00086,0.0237,1874.3
130.1,241664,117,9.644,0.6134,0.9994,-0.0047,0.1583,0.41,0.0051,0.0688,1885.4
131.2,243712,118,9.743,0.6178,0.9994,-0.0021,0.0897,0.3816,0.00363,0.0249,1938.3
132.2,245760,119,9.86,0.624,0.9994,-0.0036,0.0991,0.4055,0.00393,0.0332,1921.2
133.4,247808,120,9.967,0.6292,0.9994,-0.0025,0.1753,0.4183,0.00055,0.0447,1749.2
134.6,249856,121,10.085,0.6355,0.9994,-0.0009,0.2608,0.4129,0.00137,0.0114,1804.8
135.7,251904,122,10.21,0.6425,0.9994,-0.0026,0.1042,0.4196,0.00399,0.0225,1849.7
136.8,253952,123,10.33,0.649,0.9994,-0.0014,0.1757,0.4328,0.00147,0.0149,1852.4
137.9,256000,124,10.414,0.6519,0.9994,-0.0037,0.0949,0.393,0.00528,0.0543,1873.8
139.0,258048,125,10.526,0.6576,0.9994,-0.0023,0.0908,0.3922,0.00015,0.0154,1926.7
140.1,260096,126,10.72,0.666,0.9994,-0.001,0.1983,0.3402,0.00365,0.0316,1866.5
141.1,262144,127,10.843,0.6728,0.9994,-0.0026,0.0897,0.3681,0.00243,0.0173,1902.1
142.3,264192,128,10.973,0.6803,0.9994,-0.0021,0.0966,0.391,0.00075,0.0199,1824.1
143.4,266240,129,11.053,0.6828,0.9994,-0.0014,0.1918,0.374,0.0003,0.0154,1896.3
144.5,268288,130,11.13,0.685,0.9994,-0.0013,0.1755,0.3815,0.00113,0.004,1879.9
145.6,270336,131,11.249,0.6914,0.9994,-0.0028,0.2593,0.3809,0.00445,0.0275,1853.0
146.7,272384,132,11.345,0.6955,0.9994,-0.0014,0.1906,0.4062,0.00214,0.0281,1860.4
147.8,274432,133,11.445,0.7,0.9994,-0.003,0.1219,0.4104,0.00314,0.0253,1835.9
148.9,276480,134,11.627,0.7072,0.9994,-0.0013,0.1813,0.3963,0.00137,0.0116,1890.7
150.0,278528,135,11.816,0.7151,0.9994,-0.002,0.2339,0.3867,0.00489,0.0414,1852.8
151.1,280576,136,11.913,0.7193,0.9994,-0.0026,0.1027,0.4457,0.00128,0.0132,1867.9
152.2,282624,137,12.109,0.7279,0.9994,-0.0036,0.2383,0.4056,0.00574,0.0426,1851.3
153.3,284672,138,12.243,0.7358,0.9994,-0.0032,0.1674,0.434,0.00089,0.017,1851.6
154.4,286720,139,12.358,0.7418,0.9994,-0.0027,0.1121,0.4427,0.00201,0.0164,1879.0
155.5,288768,140,12.465,0.747,0.9994,-0.0029,0.1018,0.4437,0.00154,0.019,1877.8
156.6,290816,141,12.493,0.7498,0.9994,-0.0087,0.0237,0.4612,0.0061,0.0464,1868.7
157.7,292864,142,12.531,0.7536,0.9994,-0.0043,0.0425,0.4382,0.00314,0.0349,1869.6
158.8,294912,143,12.518,0.7523,0.9994,-0.0007,0.1969,0.4621,0.00119,0.007,1863.1
159.9,296960,144,12.559,0.7564,0.9994,-0.001,0.0346,0.4898,0.00106,0.042,1865.3
161.1,299008,145,12.469,0.7529,0.9994,-0.0048,0.024,0.4759,0.00416,0.062,1841.7
162.2,301056,146,12.492,0.7552,0.9994,-0.0013,0.2196,0.4977,0.00453,0.031,1849.3
163.3,303104,147,12.668,0.7618,0.9994,0.0026,0.2911,0.4827,0.0057,0.006,1811.8
164.4,305152,148,12.765,0.766,0.9994,-0.0031,0.2251,0.4732,0.00379,0.0287,1880.3
165.6,307200,149,12.836,0.7676,0.9994,-0.0018,0.2488,0.4559,-0.00036,0.0128,1796.6
166.6,309248,150,12.841,0.7681,0.9994,-0.0057,0.0362,0.4791,0.00329,0.049,1885.9
167.8,311296,151,12.848,0.7688,0.9994,-0.0002,0.1968,0.4829,0.00434,0.0381,1828.6
168.9,313344,152,12.923,0.7708,0.9994,-0.0017,0.147,0.4586,-0.00042,0.0037,1870.0
170.0,315392,153,13.014,0.7744,0.9994,-0.0014,0.1998,0.4689,0.00413,0.0157,1865.9
171.1,317440,154,13.112,0.7787,0.9994,-0.0022,0.1584,0.4244,0.00021,0.0101,1877.3
172.2,319488,155,13.112,0.7787,0.9994,-0.0031,0.0536,0.4435,0.00822,0.0354,1892.9
173.3,321536,156,13.118,0.7793,0.9994,-0.0029,0.0599,0.4506,0.00367,0.0195,1885.4
174.3,323584,157,13.267,0.7832,0.9994,-0.0012,0.0947,0.452,0.0012,0.0074,1904.0
175.4,325632,158,13.351,0.7861,0.9994,-0.002,0.1305,0.4173,0.00137,0.0155,1879.8
176.5,327680,159,13.351,0.7861,0.9994,-0.0021,0.1105,0.4057,0.00148,0.0203,1899.4
177.6,329728,160,13.368,0.7878,0.9994,-0.002,0.0886,0.434,0.00198,0.0216,1860.3
178.8,331776,161,13.364,0.7874,0.9994,-0.0036,0.0872,0.4116,0.00142,0.0078,1843.6
179.9,333824,162,13.379,0.7889,0.9994,-0.0016,0.0827,0.4484,0.00089,0.0079,1863.4
181.0,335872,163,13.436,0.7891,0.9994,-0.0018,0.1431,0.3848,0.00469,0.0243,1877.4
182.1,337920,164,13.53,0.793,0.9994,-0.0028,0.0712,0.4249,0.00358,0.0212,1843.2
183.2,339968,165,13.625,0.797,0.9994,-0.0006,0.1953,0.4252,0.00132,0.0132,1853.0
184.3,342016,166,13.705,0.7995,0.9994,-0.0048,0.0822,0.4588,-0.00012,0.0154,1839.9
185.4,344064,167,13.595,0.794,0.9994,-0.0041,0.1006,0.4431,0.00382,0.0212,1875.3
186.5,346112,168,13.625,0.7915,0.9994,-0.0012,0.2063,0.4425,0.00212,0.0143,1903.6
187.6,348160,169,13.456,0.7856,0.9994,-0.0062,0.0544,0.4304,0.0048,0.0421,1899.3
188.7,350208,170,13.403,0.7858,0.9994,-0.0026,0.1464,0.4307,0.00428,0.012,1885.3
189.7,352256,171,13.409,0.7864,0.9994,-0.0022,0.09,0.4423,0.00128,0.0067,1912.9
190.8,354304,172,13.318,0.7828,0.9994,-0.0024,0.2127,0.4179,-0.00034,0.0078,1863.3
191.9,356352,173,13.318,0.7828,0.9994,-0.0037,0.1357,0.4555,0.00621,0.0889,1856.1
193.0,358400,174,13.318,0.7828,0.9994,-0.0006,0.1233,0.4123,0.00114,0.0052,1913.4
194.1,360448,175,13.395,0.785,0.9994,-0.0018,0.0837,0.4164,0.00189,0.0134,1883.4
195.2,362496,176,13.49,0.789,0.9994,-0.0011,0.2326,0.4362,0.00094,0.0143,1926.8
196.3,364544,177,13.578,0.7923,0.9994,-0.004,0.2261,0.4378,5e-05,0.0236,1890.6
197.4,366592,178,13.458,0.7858,0.9994,-0.0009,0.2764,0.4647,0.00018,0.0038,1844.9
198.5,368640,179,13.549,0.7894,0.9994,-0.0007,0.1641,0.4533,0.00097,0.001,1841.3
199.6,370688,180,13.517,0.7862,0.9994,-0.0011,0.0903,0.4862,0.00479,0.0219,1818.3
200.7,372736,181,13.517,0.7862,0.9994,-0.0016,0.1685,0.482,0.00032,0.0095,1901.4
201.8,374784,182,13.439,0.7839,0.9994,-0.0031,0.1734,0.4772,0.00185,0.0168,1850.3
202.9,376832,183,13.364,0.7819,0.9994,-0.0039,0.1088,0.4632,0.00136,0.0267,1854.4
204.0,378880,184,13.296,0.7806,0.9994,-0.0025,0.1051,0.4695,0.00081,0.0059,1843.7
205.1,380928,185,13.296,0.7806,0.9994,-0.0008,0.1844,0.4582,0.00116,0.0205,1857.1
206.2,382976,186,13.21,0.7775,0.9994,-0.003,0.1188,0.4799,0.00322,0.0121,1879.6
207.4,385024,187,13.298,0.7808,0.9994,-0.0057,0.1136,0.4856,0.00017,0.0168,1826.6
208.5,387072,188,13.368,0.7823,0.9994,-0.0016,0.1597,0.4822,0.00168,0.0199,1860.0
209.6,389120,189,13.441,0.7841,0.9994,-0.0013,0.1568,0.4946,0.00103,0.0087,1871.5
210.7,391168,190,13.539,0.7884,0.9994,-0.0061,0.0967,0.4881,0.00308,0.0189,1863.7
211.8,393216,191,13.56,0.7905,0.9994,-0.0025,0.2323,0.468,0.00091,0.0073,1851.5
212.8,395264,192,13.56,0.7905,0.9994,-0.0013,0.2123,0.4535,-0.00014,0.0048,1914.3
214.0,397312,193,13.56,0.7905,0.9994,-0.0015,0.0735,0.4587,0.00376,0.0173,1824.1
215.1,399360,194,13.624,0.7914,0.9994,-0.0006,0.2268,0.4528,0.00083,0.0029,1863.7
216.2,401408,195,13.705,0.794,0.9994,-0.002,0.1118,0.4593,-3e-05,0.0103,1874.8
217.3,403456,196,13.705,0.794,0.9994,-0.0025,0.0607,0.5115,0.00505,0.0216,1861.6
218.4,405504,197,13.719,0.7954,0.9994,-0.0023,0.1525,0.4683,0.00374,0.0107,1891.5
219.5,407552,198,13.719,0.7954,0.9994,-0.0017,0.1903,0.4376,0.00075,0.0059,1856.7
220.6,409600,199,13.719,0.7954,0.9994,-0.0002,0.1563,0.4276,0.00034,0.0011,1862.5
221.7,411648,200,13.636,0.7926,0.9994,-0.0041,0.1681,0.4744,0.00415,0.025,1888.8
222.8,413696,201,13.728,0.7963,0.9994,-0.0026,0.0805,0.4596,0.00286,0.0194,1864.9
223.9,415744,202,13.792,0.7972,0.9994,-0.0006,0.2497,0.4113,0.00075,0.001,1813.0
225.0,417792,203,13.73,0.7965,0.9994,-0.0052,0.0827,0.4178,0.0068,0.0464,1862.5
226.1,419840,204,13.73,0.7965,0.9994,-0.0031,0.0737,0.4219,0.00118,0.0175,1855.0
227.2,421888,205,13.73,0.7965,0.9994,-0.0007,0.1912,0.4171,0.00075,0.0009,1944.4
228.3,423936,206,13.73,0.7965,0.9994,-0.0013,0.1453,0.4541,0.00162,0.0078,1875.8
229.4,425984,207,13.7,0.7935,0.9994,-0.0008,0.2857,0.4204,0.00165,0.0206,1881.0
230.5,428032,208,13.7,0.7935,0.9994,-0.0021,0.084,0.4334,0.00266,0.0314,1817.8
231.6,430080,209,13.77,0.795,0.9994,-0.0016,0.1549,0.4362,0.0026,0.0122,1910.1
232.6,432128,210,13.77,0.795,0.9994,-0.0022,0.1095,0.4071,0.00301,0.0155,1889.8
233.7,434176,211,13.672,0.7907,0.9994,-0.0022,0.1406,0.4125,0.00207,0.0237,1900.0
234.8,436224,212,13.737,0.7917,0.9994,-0.0013,0.3016,0.3936,0.00263,0.0126,1863.1
236.0,438272,213,13.679,0.7914,0.9994,-0.003,0.0813,0.4599,0.00531,0.0511,1826.6
237.1,440320,214,13.845,0.797,0.9994,-0.0034,0.3863,0.4204,0.00481,0.0212,1724.0
238.2,442368,215,13.766,0.7946,0.9994,-0.0021,0.143,0.4293,0.00223,0.0211,1900.4
239.3,444416,216,13.831,0.7956,0.9994,-0.0011,0.2928,0.3892,0.00227,0.0048,1861.1
240.4,446464,217,13.831,0.7956,0.9994,-0.0011,0.1041,0.4246,0.00301,0.0111,1868.1
241.6,448512,218,13.813,0.7938,0.9994,-0.001,0.2817,0.4156,0.00155,0.0016,1838.6
242.7,450560,219,13.857,0.7982,0.9994,-0.0031,0.0282,0.4773,0.00162,0.0236,1844.3
243.8,452608,220,13.857,0.7982,0.9994,-0.0013,0.1777,0.43,0.00181,0.011,1850.2
244.9,454656,221,14.029,0.8044,0.9994,-0.0008,0.0994,0.4509,0.00192,0.0095,1883.5
246.0,456704,222,14.1,0.806,0.9994,-0.003,0.1846,0.4716,0.00036,0.0189,1865.7
247.1,458752,223,14.074,0.8034,0.9994,-0.0032,0.1515,0.4187,-0.00037,0.0203,1845.2
248.2,460800,224,14.175,0.808,0.9994,-0.0021,0.139,0.4334,0.0051,0.0427,1896.0
249.3,462848,225,14.175,0.808,0.9994,-0.0029,0.0816,0.4429,0.00164,0.012,1886.8
250.3,464896,226,14.249,0.8099,0.9994,-0.0034,0.137,0.4188,0.0019,0.0146,1897.1
251.5,466944,227,14.167,0.8072,0.9994,-0.004,0.0905,0.4339,0.00122,0.0137,1872.3
252.5,468992,228,14.239,0.8089,0.9994,-0.0028,0.0959,0.44,0.00098,0.0253,1900.1
253.6,471040,229,14.228,0.8078,0.9994,-0.0031,0.114,0.448,0.00918,0.0336,1859.5
254.7,473088,230,14.228,0.8078,0.9994,-0.0038,0.0408,0.4837,0.00216,0.027,1884.4
255.9,475136,231,14.352,0.8092,0.9994,-0.0017,0.2326,0.4826,0.00222,0.0088,1831.7
257.0,477184,232,14.352,0.8092,0.9994,-0.0033,0.0707,0.4752,0.00372,0.0305,1865.5
258.0,479232,233,14.449,0.8134,0.9994,-0.0011,0.2766,0.4603,0.00074,0.004,1895.4
259.1,481280,234,14.534,0.8164,0.9994,-0.0019,0.1116,0.4648,0.00289,0.0089,1888.6
260.2,483328,235,14.452,0.8137,0.9994,-0.0026,0.2089,0.4976,0.00434,0.0209,1883.7
261.3,485376,236,14.366,0.8106,0.9994,-0.0042,0.0921,0.4852,0.00489,0.0269,1843.5
262.5,487424,237,14.293,0.8088,0.9994,-0.0029,0.1426,0.5029,0.00339,0.0465,1805.3
263.6,489472,238,14.293,0.8088,0.9994,-0.0039,0.1225,0.4863,0.00271,0.0376,1843.3
264.7,491520,239,14.356,0.8096,0.9994,-0.0027,0.2418,0.459,0.00198,0.0172,1848.6
265.8,493568,240,14.439,0.8124,0.9994,-0.002,0.258,0.4489,-0.00061,0.0267,1865.9
266.9,495616,241,14.435,0.812,0.9994,-0.0011,0.1471,0.4877,0.00199,0.0057,1836.7
268.0,497664,242,14.466,0.8096,0.9994,-0.0041,0.1019,0.493,0.00333,0.0247,1841.6
269.2,499712,243,14.525,0.81,0.9994,-0.0013,0.2399,0.4644,0.00149,0.0112,1836.6
270.2,501760,244,14.623,0.8143,0.9994,-0.0035,0.1211,0.4902,0.00542,0.0303,1920.7
271.3,503808,245,14.718,0.8183,0.9994,-0.0038,0.0818,0.4941,0.00192,0.019,1874.7
272.5,505856,246,14.778,0.8188,0.9994,-0.0048,0.0577,0.4749,0.00625,0.0426,1835.2
273.6,507904,247,14.936,0.8236,0.9994,-0.0011,0.1786,0.4372,0.00204,0.0062,1879.1
274.7,509952,248,14.928,0.8228,0.9994,-0.0016,0.1813,0.4603,0.00106,0.0054,1869.1
275.8,512000,249,15.001,0.8246,0.9994,-0.0018,0.133,0.4647,0.00242,0.0428,1866.1
276.9,514048,250,15.001,0.8246,0.9994,-0.0013,0.252,0.4241,-0.00147,0.0038,1850.4
278.0,516096,251,15.092,0.8282,0.9994,-0.0015,0.1699,0.4585,0.00118,0.0044,1869.5
279.1,518144,252,15.18,0.8315,0.9994,-0.003,0.1628,0.457,0.00308,0.0145,1882.2
280.2,520192,253,15.18,0.8315,0.9994,-0.0055,0.0983,0.4546,0.00512,0.0438,1854.6
281.3,522240,254,15.354,0.8379,0.9994,-0.0017,0.1323,0.4394,0.00222,0.0063,1901.8
282.4,524288,255,15.523,0.8438,0.9994,-0.0029,0.0938,0.4739,0.00278,0.0138,1858.6
283.5,526336,256,15.604,0.8464,0.9994,-0.0026,0.0617,0.4897,0.00131,0.0115,1831.2
284.6,528384,257,15.604,0.8464,0.9994,-0.0008,0.3422,0.3958,0.00027,0.0072,1839.4
285.7,530432,258,15.604,0.8464,0.9994,-0.0019,0.1879,0.4691,0.00403,0.0347,1872.2
286.8,532480,259,15.533,0.8448,0.9994,-0.0041,0.0842,0.4869,0.00148,0.0132,1887.7
287.9,534528,260,15.533,0.8448,0.9994,-0.0011,0.1735,0.4493,0.00376,0.0122,1887.3
289.0,536576,261,15.444,0.8414,0.9994,-0.0031,0.1925,0.4827,0.00296,0.0381,1913.3
290.1,538624,262,15.444,0.8414,0.9994,-0.0034,0.0639,0.4712,0.00314,0.0251,1875.0
291.1,540672,263,15.444,0.8414,0.9994,-0.003,0.189,0.4324,0.00631,0.057,1886.6
292.2,542720,264,15.444,0.8414,0.9994,-0.0042,0.0563,0.4492,0.00337,0.0303,1882.8
293.4,544768,265,15.415,0.8385,0.9994,-0.002,0.1038,0.4673,0.00078,0.012,1822.5
294.4,546816,266,15.506,0.8421,0.9994,-0.0043,0.0604,0.451,0.00356,0.0186,1907.2
295.5,548864,267,15.579,0.8439,0.9994,-0.0035,0.0872,0.4611,0.00098,0.0095,1859.6
296.7,550912,268,15.49,0.8405,0.9994,-0.004,0.0668,0.4743,0.00228,0.0195,1849.5
297.7,552960,269,15.401,0.8371,0.9994,-0.0017,0.2734,0.4037,0.00177,0.042,1910.1
298.8,555008,270,15.401,0.8371,0.9994,-0.0055,0.078,0.4677,0.00407,0.0243,1877.6
299.9,557056,271,15.501,0.8416,0.9994,-0.0033,0.127,0.4373,0.00323,0.0189,1891.8
301.0,559104,272,15.599,0.8459,0.9994,-0.0029,0.0609,0.4366,0.00221,0.028,1855.4
302.1,561152,273,15.674,0.8479,0.9994,-0.0042,0.1223,0.4083,0.00098,0.0177,1836.5
303.2,563200,274,15.774,0.8524,0.9994,-0.0021,0.2102,0.4075,0.0024,0.0155,1871.2
304.4,565248,275,15.874,0.8569,0.9994,-0.0013,0.1346,0.4229,0.00047,0.0045,1847.9
305.5,567296,276,16.043,0.8628,0.9994,-0.0013,0.3238,0.4363,-0.00032,0.0062,1851.8
306.6,569344,277,16.043,0.8628,0.9994,-0.0052,0.0608,0.4301,0.0023,0.0259,1855.9
307.7,571392,278,16.113,0.8643,0.9994,-0.0023,0.2107,0.4126,0.00087,0.0238,1848.8
308.8,573440,279,16.125,0.8655,0.9994,-0.0032,0.072,0.4668,0.00349,0.0183,1873.3
309.9,575488,280,16.141,0.8671,0.9994,-0.0039,0.0755,0.4501,0.00125,0.011,1879.0
311.0,577536,281,16.141,0.8671,0.9994,-0.0013,0.1856,0.4392,0.00062,0.0077,1890.3
312.1,579584,282,16.079,0.8664,0.9994,-0.0011,0.1421,0.4492,0.00106,0.0031,1855.1
313.2,581632,283,16.021,0.8661,0.9994,-0.0055,0.1237,0.421,0.00421,0.0135,1846.5
314.3,583680,284,16.021,0.8661,0.9994,-0.002,0.1409,0.4231,0.00067,0.0094,1796.7
315.5,585728,285,16.021,0.8661,0.9994,-0.0024,0.1424,0.3923,0.00214,0.0238,1855.9
316.6,587776,286,16.022,0.8662,0.9994,-0.0018,0.1828,0.4192,0.00054,0.012,1871.5
317.7,589824,287,16.119,0.8704,0.9994,-0.0023,0.1399,0.385,0.00225,0.009,1834.3
318.8,591872,288,16.051,0.8691,0.9994,-0.0015,0.189,0.424,0.00059,0.0081,1878.5
319.9,593920,289,16.146,0.8731,0.9994,-0.002,0.0977,0.4247,0.00146,0.0085,1903.3
320.9,595968,290,16.146,0.8731,0.9994,-0.0023,0.1372,0.4162,0.00043,0.0085,1885.8
322.1,598016,291,16.224,0.8754,0.9994,-0.0028,0.1422,0.3594,0.00213,0.0386,1853.1
323.1,600064,292,16.224,0.8754,0.9994,-0.0025,0.0592,0.4045,0.00338,0.0145,1888.4
324.3,602112,293,16.299,0.8774,0.9994,-0.0015,0.1884,0.378,0.00111,0.0251,1856.0
325.3,604160,294,16.367,0.8787,0.9994,-0.0034,0.0943,0.4029,0.00113,0.0148,1886.5
326.4,606208,295,16.367,0.8787,0.9994,-0.0014,0.1009,0.4292,0.00197,0.0104,1870.2
327.5,608256,296,16.463,0.8828,0.9994,-0.0022,0.0605,0.4354,0.00384,0.0181,1879.2
328.6,610304,297,16.45,0.8815,0.9994,-0.0003,0.2547,0.3988,-0.00031,0.0083,1885.2
329.7,612352,298,16.38,0.88,0.9994,-0.0035,0.1126,0.3945,-0.00087,0.0116,1858.3
330.8,614400,299,16.371,0.8791,0.9994,-0.0011,0.2333,0.4064,0.00168,0.0144,1869.7
331.9,616448,300,16.371,0.8791,0.9994,-0.0011,0.099,0.3825,0.00326,0.014,1917.3
333.0,618496,301,16.369,0.8789,0.9994,-0.002,0.1845,0.4216,0.00216,0.0092,1887.0
334.1,620544,302,16.369,0.8789,0.9994,-0.0049,0.1863,0.386,0.00205,0.0284,1901.2
335.2,622592,303,16.271,0.8746,0.9994,-0.0034,0.098,0.4226,0.00267,0.0245,1816.1
336.3,624640,304,16.271,0.8746,0.9994,-0.004,0.3647,0.4406,0.00229,0.0227,1916.3
337.4,626688,305,16.271,0.8746,0.9994,-0.0042,0.0577,0.4539,0.00363,0.0149,1857.8
338.5,628736,306,16.356,0.8776,0.9994,-0.0038,0.1423,0.4201,0.00073,0.0325,1863.4
339.6,630784,307,16.356,0.8776,0.9994,-0.0039,0.1278,0.4312,0.00112,0.019,1805.6
340.8,632832,308,16.287,0.8762,0.9994,-0.0044,0.0337,0.4783,0.00201,0.0182,1730.0
341.9,634880,309,16.37,0.879,0.9994,-0.0024,0.1108,0.4076,0.00227,0.0126,1843.8
343.1,636928,310,16.402,0.8822,0.9994,-0.001,0.157,0.4449,0.0001,0.0074,1786.8
344.2,638976,311,16.402,0.8822,0.9994,-0.0027,0.0826,0.4527,0.00324,0.009,1851.8
345.3,641024,312,16.338,0.8813,0.9994,-0.0026,0.0457,0.4347,0.00195,0.0295,1860.3
346.4,643072,313,16.4,0.882,0.9994,-0.0019,0.101,0.4255,0.00388,0.0144,1874.2
347.5,645120,314,16.335,0.881,0.9994,-0.0015,0.1518,0.442,0.00181,0.0095,1871.4
348.6,647168,315,16.242,0.8772,0.9994,-0.0024,0.182,0.4742,0.00014,0.0054,1905.4
349.7,649216,316,16.242,0.8772,0.9994,-0.0008,0.2063,0.4447,0.00145,0.0034,1891.3
350.8,651264,317,16.174,0.8759,0.9994,-0.0051,0.0293,0.4821,0.00275,0.0276,1854.5
351.9,653312,318,16.174,0.8759,0.9994,-0.0017,0.1544,0.4307,0.00888,0.0596,1822.4
353.0,655360,319,16.174,0.8759,0.9994,-0.0016,0.0903,0.414,0.00067,0.0032,1814.6
354.1,657408,320,16.273,0.8803,0.9994,-0.0032,0.1342,0.4119,0.0001,0.0171,1879.0
355.2,659456,321,16.273,0.8803,0.9994,-0.0024,0.2407,0.3916,0.00051,0.0138,1859.6
356.3,661504,322,16.273,0.8803,0.9994,-0.0017,0.0718,0.4198,0.00163,0.0116,1862.2
357.4,663552,323,16.24,0.877,0.9994,-0.0038,0.1411,0.3954,0.00517,0.0393,1837.7
358.5,665600,324,16.318,0.8793,0.9994,-0.0023,0.0739,0.4151,0.00124,0.0216,1870.9
359.7,667648,325,16.318,0.8793,0.9994,-0.0014,0.1352,0.3787,0.00261,0.0106,1766.4
360.8,669696,326,16.318,0.8793,0.9994,-0.0043,0.0569,0.3858,0.00556,0.0212,1830.2
362.0,671744,327,16.318,0.8793,0.9994,-0.0018,0.1296,0.3936,0.00074,0.0074,1799.8
363.1,673792,328,16.418,0.8838,0.9994,-0.0018,0.1417,0.3584,0.00295,0.0345,1851.6
364.3,675840,329,16.486,0.8851,0.9994,-0.0013,0.1376,0.4133,0.00237,0.0137,1656.4
365.4,677888,330,16.391,0.8811,0.9994,-0.0044,0.1019,0.4165,0.00336,0.0277,1842.6
366.6,679936,331,16.391,0.8811,0.9994,-0.0022,0.1439,0.3952,0.00094,0.0139,1852.2
367.7,681984,332,16.398,0.8818,0.9994,-0.005,0.0867,0.4223,0.00252,0.0262,1815.2
368.8,684032,333,16.434,0.8854,0.9994,-0.0024,0.0816,0.4453,0.00174,0.0099,1843.4
369.9,686080,334,16.434,0.8854,0.9994,-0.003,0.0631,0.4211,0.00116,0.0071,1870.1
371.0,688128,335,16.434,0.8854,0.9994,-0.0045,0.1158,0.4354,0.00249,0.0233,1844.7
372.1,690176,336,16.355,0.883,0.9994,-0.0007,0.1714,0.4594,0.00127,0.0093,1835.9
373.3,692224,337,16.355,0.883,0.9994,-0.0048,0.0852,0.4204,0.00475,0.0306,1791.3
374.4,694272,338,16.336,0.8811,0.9994,-0.0014,0.2061,0.4462,0.00104,0.0062,1821.0
375.5,696320,339,16.245,0.8775,0.9994,-0.0013,0.1041,0.4408,0.00047,0.005,1836.8
376.7,698368,340,16.186,0.8771,0.9994,-0.0029,0.0976,0.4552,0.00054,0.0117,1844.1
377.7,700416,341,16.284,0.8814,0.9994,-0.0007,0.1521,0.4295,0.00468,0.0122,1876.7
378.8,702464,342,16.22,0.8805,0.9994,-0.0041,0.0783,0.4394,0.00453,0.0226,1873.2
380.0,704512,343,16.131,0.8771,0.9994,-0.0017,0.0669,0.4513,0.00294,0.009,1853.0
381.1,706560,344,16.131,0.8771,0.9994,-0.0009,0.2448,0.4225,0.00032,0.0057,1750.5
382.2,708608,345,16.138,0.8778,0.9994,-0.0054,0.0856,0.4529,0.00463,0.0209,1837.1
383.4,710656,346,16.205,0.879,0.9994,-0.0054,0.0581,0.4325,0.00676,0.0413,1856.8
384.5,712704,347,16.136,0.8776,0.9994,-0.0009,0.2736,0.4419,0.00207,0.0151,1845.1
385.6,714752,348,16.136,0.8776,0.9994,-0.0023,0.1995,0.4302,-0.00015,0.0148,1863.7
386.7,716800,349,16.136,0.8776,0.9994,-0.0012,0.2283,0.4084,-8e-05,0.0054,1814.0
387.8,718848,350,16.12,0.876,0.9994,-0.0022,0.2531,0.4092,0.00333,0.0111,1829.8
388.9,720896,351,16.12,0.876,0.9994,-0.0041,0.0636,0.4561,0.0024,0.0103,1852.5
390.1,722944,352,16.153,0.8793,0.9994,-0.0036,0.0766,0.4408,0.00323,0.0227,1816.1
391.2,724992,353,16.153,0.8793,0.9994,-0.0029,0.244,0.4093,0.00288,0.0358,1846.5
392.3,727040,354,16.07,0.8765,0.9994,-0.0089,0.0358,0.5138,0.00697,0.0483,1831.7
393.4,729088,355,16.07,0.8765,0.9994,-0.0021,0.0657,0.4532,0.00185,0.0081,1838.4
394.6,731136,356,16.07,0.8765,0.9994,-0.0019,0.2033,0.4592,0.00194,0.0258,1805.5
395.7,733184,357,16.096,0.8791,0.9994,-0.003,0.0858,0.4614,0.00117,0.0109,1869.3
396.8,735232,358,15.914,0.8719,0.9994,-0.0031,0.1662,0.4363,0.00151,0.0151,1834.1
397.9,737280,359,15.914,0.8719,0.9994,-0.0017,0.0771,0.4332,0.00097,0.0066,1869.6
399.0,739328,360,15.914,0.8719,0.9994,-0.0014,0.1346,0.3974,0.00451,0.0212,1849.8
400.1,741376,361,15.764,0.8679,0.9994,-0.005,0.072,0.4735,0.00539,0.0315,1833.1
401.2,743424,362,15.624,0.8649,0.9994,-0.0012,0.1636,0.4558,0.001,0.0063,1846.2
402.4,745472,363,15.624,0.8649,0.9994,-0.0012,0.1263,0.4597,0.00039,0.0021,1814.6
403.5,747520,364,15.624,0.8649,0.9994,-0.0006,0.2064,0.447,0.00017,0.0009,1801.2
404.6,749568,365,15.624,0.8649,0.9994,-0.0018,0.0793,0.4652,0.00254,0.0142,1870.1
405.7,751616,366,15.624,0.8649,0.9994,-0.0011,0.1578,0.4218,-5e-05,0.0101,1817.4
406.8,753664,367,15.695,0.8665,0.9994,-0.001,0.2382,0.447,0.00171,0.0076,1863.4
408.0,755712,368,15.695,0.8665,0.9994,-0.0015,0.1412,0.4496,0.00072,0.0049,1807.9
409.1,757760,369,15.798,0.8713,0.9994,-0.005,0.1941,0.4683,0.0021,0.0123,1849.7
410.2,759808,370,15.798,0.8713,0.9994,-0.0036,0.0896,0.4525,0.00178,0.0155,1835.1
411.3,761856,371,15.716,0.8686,0.9994,-0.003,0.2425,0.4607,-0.00014,0.0114,1843.1
412.4,763904,372,15.716,0.8686,0.9994,-0.0015,0.168,0.4805,0.00081,0.0099,1863.8
413.5,765952,373,15.716,0.8686,0.9994,-0.0022,0.165,0.4488,-5e-05,0.0032,1858.0
414.6,768000,374,15.737,0.8707,0.9994,-0.003,0.0923,0.4989,0.0015,0.0161,1845.3
415.8,770048,375,15.666,0.8691,0.9994,-0.0038,0.0836,0.4926,0.00208,0.0212,1815.6
417.0,772096,376,15.676,0.8701,0.9994,-0.0022,0.1842,0.4814,0.00113,0.0292,1736.9
418.0,774144,377,15.61,0.869,0.9994,-0.0028,0.1631,0.4946,0.00193,0.0186,1873.8
419.2,776192,378,15.614,0.8694,0.9994,-0.003,0.1088,0.5007,0.00292,0.0172,1859.8
420.2,778240,379,15.53,0.8665,0.9994,-0.0026,0.1008,0.4833,0.00041,0.0065,1889.1
421.3,780288,380,15.53,0.8665,0.9994,-0.0024,0.1387,0.5204,0.00307,0.014,1866.4
422.5,782336,381,15.346,0.8591,0.9994,-0.0031,0.076,0.5454,0.00102,0.0114,1828.0
423.6,784384,382,15.346,0.8591,0.9994,-0.0037,0.0593,0.4993,0.00285,0.0309,1866.0
424.7,786432,383,15.246,0.8546,0.9994,-0.0007,0.3222,0.4983,0.00173,0.0046,1874.0
425.8,788480,384,15.246,0.8546,0.9994,-0.0022,0.0744,0.4836,0.00132,0.0068,1853.4
426.9,790528,385,15.175,0.853,0.9994,-0.0028,0.1605,0.5126,0.00134,0.0114,1846.4
428.0,792576,386,15.158,0.8513,0.9994,-0.0031,0.0941,0.4871,0.00112,0.0146,1887.8
429.1,794624,387,15.232,0.8532,0.9994,-0.0017,0.2152,0.4548,0.00337,0.0242,1866.4
430.2,796672,388,15.026,0.8436,0.9994,-0.0057,0.0834,0.5465,0.00111,0.026,1823.5
431.3,798720,389,14.949,0.8414,0.9994,-0.0007,0.2612,0.5366,0.00747,0.0387,1859.0
432.4,800768,390,14.949,0.8414,0.9994,-0.0024,0.2355,0.4943,0.00232,0.0167,1876.3
433.5,802816,391,15.048,0.8458,0.9994,-0.0015,0.4281,0.4953,0.00716,0.0363,1878.8
434.6,804864,392,15.048,0.8458,0.9994,-0.0026,0.2759,0.4761,0.00269,0.0211,1893.3
435.7,806912,393,14.962,0.8427,0.9994,-0.0067,0.0249,0.4793,0.00375,0.0377,1840.3
436.9,808960,394,14.962,0.8427,0.9994,-0.0022,0.2027,0.4566,0.0039,0.0195,1689.5
438.2,811008,395,14.962,0.8427,0.9994,-0.0018,0.093,0.4598,0.00091,0.0092,1658.0
439.4,813056,396,14.9,0.842,0.9994,-0.0021,0.0649,0.4978,0.00243,0.0168,1622.9
440.6,815104,397,14.9,0.842,0.9994,-0.0009,0.2411,0.4621,-4e-05,0.0024,1780.4
441.7,817152,398,14.9,0.842,0.9994,-0.003,0.0794,0.462,0.00169,0.0117,1907.1
442.7,819200,399,14.9,0.842,0.9994,-0.0013,0.2097,0.4602,0.00225,0.0155,1882.8
