gen,genome_id,fitness,max_percent,complete,steps
0,1,0.0552,0.0552,0,524
0,2,0.02,0.02,0,202
0,3,0.0199,0.0199,0,201
0,4,0.019,0.019,0,192
0,5,0.0195,0.0195,0,198
0,6,0.0538,0.0538,0,539
0,7,0.02,0.02,0,201
0,8,0.02,0.02,0,203
0,9,0.0199,0.0199,0,201
0,10,0.02,0.02,0,205
0,11,0.0886,0.0886,0,897
0,12,0.0359,0.0359,0,365
0,13,0.0199,0.0199,0,202
0,14,0.0366,0.0366,0,367
0,15,0.0362,0.0362,0,364
0,16,0.0202,0.0202,0,204
0,17,0.0593,0.0593,0,595
0,18,0.038,0.038,0,384
0,19,0.0538,0.0538,0,543
0,20,0.0199,0.0199,0,201
0,21,0.019,0.019,0,194
0,22,0.0361,0.0361,0,367
0,23,0.036,0.036,0,364
0,24,0.0555,0.0555,0,556
1,11,0.0538,0.0538,0,541
1,17,0.1076,0.1076,0,1075
1,25,0.02,0.02,0,203
1,26,0.0554,0.0554,0,561
1,27,0.037,0.037,0,377
1,28,0.0193,0.0193,0,197
1,29,0.115,0.115,0,1161
1,30,0.0201,0.0201,0,203
1,31,0.0964,0.0964,0,962
1,32,0.0199,0.0199,0,199
1,33,0.0199,0.0199,0,202
1,34,0.0548,0.0548,0,555
1,35,0.0199,0.0199,0,202
1,36,0.0593,0.0593,0,601
1,37,0.0553,0.0553,0,560
1,38,0.02,0.02,0,204
1,39,0.0964,0.0964,0,969
1,40,0.0201,0.0201,0,202
1,41,0.0886,0.0886,0,889
1,42,0.0374,0.0374,0,376
1,43,0.0199,0.0199,0,201
1,44,0.019,0.019,0,194
1,45,0.0553,0.0553,0,562
1,46,0.1144,0.1144,0,1159
2,29,0.0886,0.0886,0,883
2,46,0.0199,0.0199,0,200
2,47,0.0369,0.0369,0,370
2,48,0.019,0.019,0,191
2,49,0.019,0.019,0,193
2,50,0.1144,0.1144,0,1159
2,51,0.0359,0.0359,0,365
2,52,0.0367,0.0367,0,370
2,53,0.0203,0.0203,0,206
2,54,0.0546,0.0546,0,547
2,55,0.1076,0.1076,0,1075
2,56,0.019,0.019,0,191
2,57,0.0964,0.0964,0,973
2,58,0.0886,0.0886,0,896
2,59,0.1154,0.1154,0,1164
2,60,0.0646,0.0646,0,649
2,61,0.0542,0.0542,0,540
2,62,0.0538,0.0538,0,539
2,63,0.037,0.037,0,372
2,64,0.0199,0.0199,0,202
2,65,0.0198,0.0198,0,202
2,66,0.0376,0.0376,0,384
2,67,0.0593,0.0593,0,599
2,68,0.019,0.019,0,191
3,59,0.1151,0.1151,0,1150
3,50,0.019,0.019,0,190
3,69,0.0359,0.0359,0,359
3,70,0.0964,0.0964,0,971
3,71,0.115,0.115,0,1168
3,72,0.02,0.02,0,202
3,73,0.0203,0.0203,0,207
3,74,0.0538,0.0538,0,540
3,75,0.0538,0.0538,0,539
3,76,0.019,0.019,0,191
3,77,0.019,0.019,0,193
3,78,0.166,0.166,0,1673
3,79,0.019,0.019,0,195
3,80,0.0538,0.0538,0,548
3,81,0.0538,0.0538,0,543
3,82,0.019,0.019,0,192
3,83,0.0964,0.0964,0,967
3,84,0.0202,0.0202,0,204
3,85,0.019,0.019,0,191
3,86,0.0361,0.0361,0,363
3,87,0.1144,0.1144,0,1152
3,88,0.0359,0.0359,0,367
3,89,0.036,0.036,0,364
3,90,0.0362,0.0362,0,367
4,78,0.0201,0.0201,0,204
4,59,0.0554,0.0554,0,554
4,91,0.019,0.019,0,192
4,92,0.019,0.019,0,191
4,93,0.0964,0.0964,0,965
4,94,0.037,0.037,0,376
4,95,0.0538,0.0538,0,546
4,96,0.1728,0.1728,0,1742
4,97,0.1728,0.1728,0,1720
4,98,0.0198,0.0198,0,201
4,99,0.0202,0.0202,0,205
4,100,0.0538,0.0538,0,544
4,101,0.0542,0.0542,0,551
4,102,0.0202,0.0202,0,206
4,103,0.0547,0.0547,0,553
4,104,0.0547,0.0547,0,548
4,105,0.0202,0.0202,0,202
4,106,0.0199,0.0199,0,199
4,107,0.1144,0.1144,0,1146
4,108,0.0552,0.0552,0,557
4,109,0.0378,0.0378,0,386
4,110,0.142,0.142,0,1437
4,111,0.02,0.02,0,201
4,112,0.0964,0.0964,0,966
5,96,0.019,0.019,0,192
5,97,0.0964,0.0964,0,970
5,113,0.0646,0.0646,0,654
5,114,0.0199,0.0199,0,202
5,115,0.1144,0.1144,0,1160
5,116,0.0907,0.0907,0,908
5,117,0.0198,0.0198,0,200
5,118,0.1728,0.1728,0,1738
5,119,0.0199,0.0199,0,205
5,120,0.0964,0.0964,0,981
5,121,0.038,0.038,0,384
5,122,0.02,0.02,0,202
5,123,0.02,0.02,0,201
5,124,0.1144,0.1144,0,1142
5,125,0.0964,0.0964,0,975
5,126,0.0202,0.0202,0,205
5,127,0.0199,0.0199,0,201
5,128,0.0381,0.0381,0,390
5,129,0.0379,0.0379,0,385
5,130,0.1144,0.1144,0,1154
5,131,0.1144,0.1144,0,1142
5,132,0.0964,0.0964,0,968
5,133,0.0886,0.0886,0,900
5,134,0.0379,0.0379,0,386
6,118,0.019,0.019,0,194
6,130,0.019,0.019,0,191
6,135,0.1144,0.1144,0,1146
6,136,0.166,0.166,0,1667
6,137,0.0548,0.0548,0,556
6,138,0.0538,0.0538,0,547
6,139,0.1076,0.1076,0,1085
6,140,0.0964,0.0964,0,967
6,141,0.1238,0.1238,0,1239
6,142,0.0964,0.0964,0,976
6,143,0.0538,0.0538,0,548
6,144,0.0378,0.0378,0,384
6,145,0.0964,0.0964,0,965
6,146,0.0538,0.0538,0,537
6,147,0.019,0.019,0,192
6,148,0.019,0.019,0,192
6,149,0.0548,0.0548,0,554
6,150,0.0964,0.0964,0,976
6,151,0.0379,0.0379,0,386
6,152,0.0538,0.0538,0,539
6,153,0.115,0.115,0,1150
6,154,0.0199,0.0199,0,200
6,155,0.0202,0.0202,0,204
6,156,0.0593,0.0593,0,598
7,136,0.1076,0.1076,0,1087
7,141,0.0964,0.0964,0,977
7,157,0.019,0.019,0,192
7,158,0.1076,0.1076,0,1078
7,159,0.0198,0.0198,0,201
7,160,0.1431,0.1431,0,1440
7,161,0.02,0.02,0,204
7,162,0.1242,0.1242,0,1262
7,163,0.02,0.02,0,202
7,164,0.0964,0.0964,0,967
7,165,0.1144,0.1144,0,1144
7,166,0.02,0.02,0,203
7,167,0.0886,0.0886,0,897
7,168,0.1076,0.1076,0,1090
7,169,0.019,0.019,0,193
7,170,0.0201,0.0201,0,203
7,171,0.0593,0.0593,0,594
7,172,0.0379,0.0379,0,381
7,173,0.0646,0.0646,0,646
7,174,0.0964,0.0964,0,977
7,175,0.1149,0.1149,0,1166
7,176,0.038,0.038,0,386
7,177,0.019,0.019,0,191
7,178,0.1076,0.1076,0,1078
8,160,0.0964,0.0964,0,964
8,162,0.019,0.019,0,193
8,179,0.0964,0.0964,0,976
8,180,0.0964,0.0964,0,978
8,181,0.0964,0.0964,0,966
8,182,0.019,0.019,0,190
8,183,0.0199,0.0199,0,200
8,184,0.1431,0.1431,0,1435
8,185,0.0964,0.0964,0,978
8,186,0.0198,0.0198,0,201
8,187,0.0964,0.0964,0,973
8,188,0.0964,0.0964,0,959
8,189,0.1144,0.1144,0,1142
8,190,0.019,0.019,0,195
8,191,0.0538,0.0538,0,548
8,192,0.0379,0.0379,0,387
8,193,0.0964,0.0964,0,977
8,194,0.0538,0.0538,0,539
8,195,0.019,0.019,0,191
8,196,0.0646,0.0646,0,645
8,197,0.1244,0.1244,0,1252
8,198,0.0202,0.0202,0,207
8,199,0.0538,0.0538,0,546
8,200,0.0593,0.0593,0,600
9,184,0.0646,0.0646,0,647
9,197,0.1144,0.1144,0,1146
9,201,0.0964,0.0964,0,969
9,202,0.1144,0.1144,0,1159
9,203,0.0201,0.0201,0,206
9,204,0.1144,0.1144,0,1153
9,205,0.0376,0.0376,0,375
9,206,0.1153,0.1153,0,1151
9,207,0.142,0.142,0,1436
9,208,0.1144,0.1144,0,1161
9,209,0.019,0.019,0,194
9,210,0.1076,0.1076,0,1076
9,211,0.02,0.02,0,201
9,212,0.1144,0.1144,0,1148
9,213,0.02,0.02,0,204
9,214,0.1144,0.1144,0,1163
9,215,0.1144,0.1144,0,1151
9,216,0.1066,0.1066,0,1063
9,217,0.0964,0.0964,0,965
9,218,0.0964,0.0964,0,979
9,219,0.0886,0.0886,0,894
9,220,0.1144,0.1144,0,1144
9,221,0.0547,0.0547,0,547
9,222,0.1144,0.1144,0,1149
10,207,0.0547,0.0547,0,556
10,206,0.0538,0.0538,0,547
10,223,0.1144,0.1144,0,1155
10,224,0.0359,0.0359,0,361
10,225,0.0964,0.0964,0,960
10,226,0.1144,0.1144,0,1152
10,227,0.1244,0.1244,0,1262
10,228,0.1144,0.1144,0,1154
10,229,0.1728,0.1728,0,1730
10,230,0.019,0.019,0,192
10,231,0.02,0.02,0,203
10,232,0.0964,0.0964,0,982
10,233,0.0538,0.0538,0,548
10,234,0.0538,0.0538,0,541
10,235,0.0964,0.0964,0,963
10,236,0.1144,0.1144,0,1149
10,237,0.1144,0.1144,0,1160
10,238,0.0886,0.0886,0,897
10,239,0.0359,0.0359,0,365
10,240,0.0964,0.0964,0,962
10,241,0.0538,0.0538,0,538
10,242,0.0199,0.0199,0,200
10,243,0.1144,0.1144,0,1154
10,244,0.0593,0.0593,0,604
11,229,0.1144,0.1144,0,1155
11,227,0.0964,0.0964,0,960
11,245,0.1144,0.1144,0,1148
11,246,0.0538,0.0538,0,543
11,247,0.0538,0.0538,0,545
11,248,0.0964,0.0964,0,975
11,249,0.0886,0.0886,0,888
11,250,0.1244,0.1244,0,1244
11,251,0.0886,0.0886,0,893
11,252,0.0964,0.0964,0,975
11,253,0.0374,0.0374,0,380
11,254,0.0199,0.0199,0,202
11,255,0.115,0.115,0,1149
11,256,0.0593,0.0593,0,591
11,257,0.1144,0.1144,0,1152
11,258,0.1144,0.1144,0,1157
11,259,0.0361,0.0361,0,367
11,260,0.1144,0.1144,0,1144
11,261,0.1144,0.1144,0,1147
11,262,0.1076,0.1076,0,1086
11,263,0.0203,0.0203,0,208
11,264,0.0646,0.0646,0,655
11,265,0.1144,0.1144,0,1149
11,266,0.0538,0.0538,0,538
12,250,0.0538,0.0538,0,541
12,255,0.1076,0.1076,0,1085
12,267,0.1144,0.1144,0,1161
12,268,0.0886,0.0886,0,889
12,269,0.0201,0.0201,0,202
12,270,0.0886,0.0886,0,884
12,271,0.0201,0.0201,0,203
12,272,0.1078,0.1078,0,1083
12,273,0.115,0.115,0,1166
12,274,0.0964,0.0964,0,972
12,275,0.1144,0.1144,0,1144
12,276,0.0199,0.0199,0,200
12,277,0.02,0.02,0,201
12,278,0.0964,0.0964,0,970
12,279,0.1144,0.1144,0,1155
12,280,0.019,0.019,0,192
12,281,0.0964,0.0964,0,966
12,282,0.0364,0.0364,0,362
12,283,0.0547,0.0547,0,550
12,284,0.1144,0.1144,0,1153
12,285,0.019,0.019,0,193
12,286,0.1421,0.1421,0,1437
12,287,0.02,0.02,0,204
12,288,0.0964,0.0964,0,967
13,286,0.1157,0.1157,0,1155
13,273,0.0202,0.0202,0,204
13,289,0.0362,0.0362,0,370
13,290,0.0964,0.0964,0,977
13,291,0.1144,0.1144,0,1155
13,292,0.0538,0.0538,0,537
13,293,0.115,0.115,0,1151
13,294,0.1728,0.1728,0,1752
13,295,0.1144,0.1144,0,1158
13,296,0.1145,0.1145,0,1145
13,297,0.0538,0.0538,0,539
13,298,0.0199,0.0199,0,202
13,299,0.1144,0.1144,0,1160
13,300,0.0593,0.0593,0,599
13,301,0.0538,0.0538,0,543
13,302,0.038,0.038,0,383
13,303,0.0538,0.0538,0,540
13,304,0.0382,0.0382,0,383
13,305,0.02,0.02,0,201
13,306,0.0367,0.0367,0,370
13,307,0.0382,0.0382,0,387
13,308,0.1069,0.1069,0,1081
13,309,0.038,0.038,0,386
13,310,0.019,0.019,0,192
14,294,0.0365,0.0365,0,368
14,286,0.0538,0.0538,0,536
14,311,0.0381,0.0381,0,380
14,312,0.0381,0.0381,0,381
14,313,0.0544,0.0544,0,548
14,314,0.0379,0.0379,0,384
14,315,0.1144,0.1144,0,1160
14,316,0.0199,0.0199,0,202
14,317,0.1145,0.1145,0,1149
14,318,0.0538,0.0538,0,538
14,319,0.0548,0.0548,0,550
14,320,0.0379,0.0379,0,383
14,321,0.02,0.02,0,204
14,322,0.02,0.02,0,204
14,323,0.1144,0.1144,0,1166
14,324,0.0964,0.0964,0,976
14,325,0.019,0.019,0,191
14,326,0.02,0.02,0,200
14,327,0.0964,0.0964,0,962
14,328,0.1145,0.1145,0,1153
14,329,0.02,0.02,0,204
14,330,0.0964,0.0964,0,975
14,331,0.0199,0.0199,0,201
14,332,0.0593,0.0593,0,595
15,317,0.1144,0.1144,0,1143
15,328,0.1144,0.1144,0,1151
15,333,0.1076,0.1076,0,1091
15,334,0.0964,0.0964,0,974
15,335,0.0964,0.0964,0,962
15,336,0.1144,0.1144,0,1145
15,337,0.0538,0.0538,0,542
15,338,0.0886,0.0886,0,898
15,339,0.0362,0.0362,0,369
15,340,0.0367,0.0367,0,372
15,341,0.02,0.02,0,201
15,342,0.0199,0.0199,0,200
15,343,0.0964,0.0964,0,965
15,344,0.0364,0.0364,0,367
15,345,0.019,0.019,0,193
15,346,0.0538,0.0538,0,545
15,347,0.0198,0.0198,0,203
15,348,0.0964,0.0964,0,977
15,349,0.0373,0.0373,0,377
15,350,0.0201,0.0201,0,202
15,351,0.0964,0.0964,0,964
15,352,0.019,0.019,0,191
15,353,0.0964,0.0964,0,969
15,354,0.0372,0.0372,0,381
16,317,0.0379,0.0379,0,386
16,328,0.0548,0.0548,0,559
16,355,0.1144,0.1144,0,1147
16,356,0.0964,0.0964,0,954
16,357,0.1144,0.1144,0,1149
16,358,0.0538,0.0538,0,545
16,359,0.0886,0.0886,0,900
16,360,0.1144,0.1144,0,1147
16,361,0.0964,0.0964,0,965
16,362,0.0964,0.0964,0,968
16,363,0.0538,0.0538,0,545
16,364,0.0379,0.0379,0,385
16,365,0.1076,0.1076,0,1086
16,366,0.02,0.02,0,202
16,367,0.1076,0.1076,0,1074
16,368,0.0964,0.0964,0,968
16,369,0.0538,0.0538,0,546
16,370,0.0964,0.0964,0,977
16,371,0.02,0.02,0,203
16,372,0.019,0.019,0,194
16,373,0.0538,0.0538,0,542
16,374,0.0964,0.0964,0,963
16,375,0.0964,0.0964,0,967
16,376,0.019,0.019,0,191
17,355,0.1068,0.1068,0,1085
17,357,0.0964,0.0964,0,973
17,377,0.0886,0.0886,0,891
17,378,0.0202,0.0202,0,202
17,379,0.0538,0.0538,0,540
17,380,0.1144,0.1144,0,1154
17,381,0.0907,0.0907,0,922
17,382,0.0964,0.0964,0,977
17,383,0.1144,0.1144,0,1145
17,384,0.0202,0.0202,0,204
17,385,0.1224,0.1224,0,1228
17,386,0.0378,0.0378,0,385
17,387,0.0201,0.0201,0,205
17,388,0.0964,0.0964,0,978
17,389,0.1144,0.1144,0,1149
17,390,0.0964,0.0964,0,963
17,391,0.0964,0.0964,0,972
17,392,0.1076,0.1076,0,1092
17,393,0.1144,0.1144,0,1151
17,394,0.0964,0.0964,0,967
17,395,0.0547,0.0547,0,549
17,396,0.0964,0.0964,0,972
17,397,0.02,0.02,0,204
17,398,0.0198,0.0198,0,203
18,385,0.0538,0.0538,0,547
18,389,0.1144,0.1144,0,1152
18,399,0.0964,0.0964,0,969
18,400,0.019,0.019,0,193
18,401,0.1244,0.1244,0,1257
18,402,0.0964,0.0964,0,979
18,403,0.0198,0.0198,0,201
18,404,0.1144,0.1144,0,1148
18,405,0.1224,0.1224,0,1222
18,406,0.1144,0.1144,0,1158
18,407,0.0646,0.0646,0,655
18,408,0.0361,0.0361,0,365
18,409,0.0886,0.0886,0,889
18,410,0.02,0.02,0,201
18,411,0.1144,0.1144,0,1147
18,412,0.0363,0.0363,0,368
18,413,0.1144,0.1144,0,1160
18,414,0.0366,0.0366,0,372
18,415,0.0378,0.0378,0,383
18,416,0.0543,0.0543,0,549
18,417,0.0964,0.0964,0,966
18,418,0.0886,0.0886,0,891
18,419,0.0379,0.0379,0,382
18,420,0.166,0.166,0,1680
19,420,0.019,0.019,0,194
19,401,0.142,0.142,0,1423
19,421,0.0964,0.0964,0,965
19,422,0.1144,0.1144,0,1154
19,423,0.0886,0.0886,0,900
19,424,0.0964,0.0964,0,968
19,425,0.1144,0.1144,0,1141
19,426,0.0378,0.0378,0,382
19,427,0.0886,0.0886,0,896
19,428,0.1069,0.1069,0,1079
19,429,0.0546,0.0546,0,549
19,430,0.166,0.166,0,1664
19,431,0.1144,0.1144,0,1150
19,432,0.1144,0.1144,0,1161
19,433,0.1154,0.1154,0,1166
19,434,0.0551,0.0551,0,552
19,435,0.0964,0.0964,0,962
19,436,0.115,0.115,0,1161
19,437,0.019,0.019,0,194
19,438,0.0202,0.0202,0,207
19,439,0.0964,0.0964,0,976
19,440,0.0646,0.0646,0,644
19,441,0.019,0.019,0,190
19,442,0.019,0.019,0,190
20,430,0.0964,0.0964,0,965
20,401,0.019,0.019,0,190
20,443,0.0202,0.0202,0,204
20,444,0.0538,0.0538,0,547
20,445,0.0964,0.0964,0,974
20,446,0.1144,0.1144,0,1150
20,447,0.0964,0.0964,0,969
20,448,0.166,0.166,0,1670
20,449,0.1236,0.1236,0,1254
20,450,0.019,0.019,0,192
20,451,0.037,0.037,0,369
20,452,0.0201,0.0201,0,202
20,453,0.0359,0.0359,0,362
20,454,0.0964,0.0964,0,968
20,455,0.0198,0.0198,0,202
20,456,0.0964,0.0964,0,978
20,457,0.0547,0.0547,0,558
20,458,0.02,0.02,0,202
20,459,0.0544,0.0544,0,543
20,460,0.0551,0.0551,0,551
20,461,0.0964,0.0964,0,968
20,462,0.0203,0.0203,0,207
20,463,0.0554,0.0554,0,564
20,464,0.0374,0.0374,0,379
21,448,0.0555,0.0555,0,565
21,449,0.0362,0.0362,0,366
21,465,0.0361,0.0361,0,367
21,466,0.0369,0.0369,0,370
21,467,0.0199,0.0199,0,199
21,468,0.0199,0.0199,0,198
21,469,0.0199,0.0199,0,202
21,470,0.166,0.166,0,1667
21,471,0.1145,0.1145,0,1159
21,472,0.019,0.019,0,194
21,473,0.0374,0.0374,0,377
21,474,0.0964,0.0964,0,967
21,475,0.0554,0.0554,0,557
21,476,0.0964,0.0964,0,970
21,477,0.0538,0.0538,0,547
21,478,0.0886,0.0886,0,898
21,479,0.019,0.019,0,192
21,480,0.019,0.019,0,191
21,481,0.038,0.038,0,380
21,482,0.1149,0.1149,0,1153
21,483,0.0538,0.0538,0,540
21,484,0.0964,0.0964,0,976
21,485,0.0538,0.0538,0,548
21,486,0.0199,0.0199,0,202
22,470,0.1229,0.1229,0,1231
22,482,0.0964,0.0964,0,968
22,487,0.0538,0.0538,0,545
22,488,0.0646,0.0646,0,657
22,489,0.0199,0.0199,0,205
22,490,0.1144,0.1144,0,1158
22,491,0.0381,0.0381,0,385
22,492,0.0203,0.0203,0,203
22,493,0.1224,0.1224,0,1222
22,494,0.0199,0.0199,0,202
22,495,0.0964,0.0964,0,974
22,496,0.0886,0.0886,0,900
22,497,0.0964,0.0964,0,973
22,498,0.163,0.163,0,1628
22,499,0.0375,0.0375,0,379
22,500,0.0964,0.0964,0,978
22,501,0.019,0.019,0,195
22,502,0.1146,0.1146,0,1158
22,503,0.0646,0.0646,0,646
22,504,0.0201,0.0201,0,200
22,505,0.0375,0.0375,0,376
22,506,0.1144,0.1144,0,1152
22,507,0.0359,0.0359,0,364
22,508,0.0964,0.0964,0,979
23,498,0.1076,0.1076,0,1085
23,470,0.0964,0.0964,0,959
23,509,0.0201,0.0201,0,202
23,510,0.0964,0.0964,0,968
23,511,0.019,0.019,0,192
23,512,0.0964,0.0964,0,980
23,513,0.0964,0.0964,0,967
23,514,0.0199,0.0199,0,200
23,515,0.1225,0.1225,0,1225
23,516,0.0367,0.0367,0,369
23,517,0.0202,0.0202,0,205
23,518,0.0546,0.0546,0,557
23,519,0.0367,0.0367,0,376
23,520,0.0551,0.0551,0,559
23,521,0.019,0.019,0,192
23,522,0.0964,0.0964,0,963
23,523,0.0886,0.0886,0,885
23,524,0.0203,0.0203,0,206
23,525,0.0538,0.0538,0,546
23,526,0.0964,0.0964,0,976
23,527,0.0201,0.0201,0,204
23,528,0.0382,0.0382,0,388
23,529,0.0379,0.0379,0,385
23,530,0.02,0.02,0,201
24,515,0.1244,0.1244,0,1240
24,498,0.0964,0.0964,0,969
24,531,0.1144,0.1144,0,1159
24,532,0.02,0.02,0,204
24,533,0.019,0.019,0,194
24,534,0.1144,0.1144,0,1147
24,535,0.0538,0.0538,0,537
24,536,0.1225,0.1225,0,1229
24,537,0.0548,0.0548,0,555
24,538,0.0367,0.0367,0,372
24,539,0.0366,0.0366,0,373
24,540,0.0359,0.0359,0,358
24,541,0.0203,0.0203,0,204
24,542,0.0201,0.0201,0,204
24,543,0.0554,0.0554,0,554
24,544,0.0964,0.0964,0,965
24,545,0.0378,0.0378,0,380
24,546,0.02,0.02,0,201
24,547,0.0886,0.0886,0,899
24,548,0.1431,0.1431,0,1443
24,549,0.0964,0.0964,0,963
24,550,0.1244,0.1244,0,1247
24,551,0.1144,0.1144,0,1155
24,552,0.1241,0.1241,0,1256
25,548,0.0646,0.0646,0,645
25,515,0.1144,0.1144,0,1139
25,553,0.0199,0.0199,0,199
25,554,0.0199,0.0199,0,203
25,555,0.0377,0.0377,0,385
25,556,0.0365,0.0365,0,374
25,557,0.0964,0.0964,0,977
25,558,0.1431,0.1431,0,1432
25,559,0.1144,0.1144,0,1144
25,560,0.038,0.038,0,385
25,561,0.0886,0.0886,0,900
25,562,0.0199,0.0199,0,202
25,563,0.0377,0.0377,0,380
25,564,0.0203,0.0203,0,205
25,565,0.0379,0.0379,0,380
25,566,0.0886,0.0886,0,887
25,567,0.0538,0.0538,0,539
25,568,0.1144,0.1144,0,1154
25,569,0.0593,0.0593,0,603
25,570,0.0378,0.0378,0,385
25,571,0.0363,0.0363,0,366
25,572,0.1144,0.1144,0,1142
25,573,0.0379,0.0379,0,380
25,574,0.1144,0.1144,0,1149
26,558,0.0886,0.0886,0,900
26,515,0.0542,0.0542,0,552
26,575,0.0538,0.0538,0,543
26,576,0.1144,0.1144,0,1145
26,577,0.0381,0.0381,0,381
26,578,0.0382,0.0382,0,385
26,579,0.1144,0.1144,0,1158
26,580,0.1431,0.1431,0,1451
26,581,0.1244,0.1244,0,1243
26,582,0.0538,0.0538,0,540
26,583,0.0554,0.0554,0,557
26,584,0.1225,0.1225,0,1244
26,585,0.1144,0.1144,0,1156
26,586,0.0203,0.0203,0,204
26,587,0.0554,0.0554,0,557
26,588,0.0964,0.0964,0,963
26,589,0.0362,0.0362,0,367
26,590,0.038,0.038,0,387
26,591,0.1144,0.1144,0,1163
26,592,0.1144,0.1144,0,1154
26,593,0.0538,0.0538,0,536
26,594,0.1144,0.1144,0,1145
26,595,0.1144,0.1144,0,1157
26,596,0.0538,0.0538,0,547
27,580,0.0199,0.0199,0,202
27,581,0.0377,0.0377,0,384
27,597,0.0538,0.0538,0,538
27,598,0.1144,0.1144,0,1140
27,599,0.0378,0.0378,0,382
27,600,0.0964,0.0964,0,973
27,601,0.1144,0.1144,0,1158
27,602,0.0886,0.0886,0,890
27,603,0.1144,0.1144,0,1141
27,604,0.1144,0.1144,0,1156
27,605,0.0964,0.0964,0,983
27,606,0.1144,0.1144,0,1154
27,607,0.0593,0.0593,0,593
27,608,0.036,0.036,0,361
27,609,0.0374,0.0374,0,376
27,610,0.0555,0.0555,0,558
27,611,0.1144,0.1144,0,1161
27,612,0.0538,0.0538,0,547
27,613,0.0964,0.0964,0,966
27,614,0.02,0.02,0,202
27,615,0.0374,0.0374,0,375
27,616,0.019,0.019,0,191
27,617,0.02,0.02,0,201
27,618,0.1144,0.1144,0,1154
28,598,0.0593,0.0593,0,602
28,601,0.1144,0.1144,0,1156
28,619,0.0359,0.0359,0,360
28,620,0.1144,0.1144,0,1145
28,621,0.1144,0.1144,0,1152
28,622,0.0379,0.0379,0,385
28,623,0.0376,0.0376,0,383
28,624,0.1144,0.1144,0,1157
28,625,0.037,0.037,0,371
28,626,0.0379,0.0379,0,380
28,627,0.1149,0.1149,0,1151
28,628,0.0379,0.0379,0,383
28,629,0.0964,0.0964,0,975
28,630,0.0886,0.0886,0,898
28,631,0.0541,0.0541,0,545
28,632,0.1076,0.1076,0,1074
28,633,0.038,0.038,0,380
28,634,0.0199,0.0199,0,203
28,635,0.0544,0.0544,0,551
28,636,0.0593,0.0593,0,606
28,637,0.02,0.02,0,205
28,638,0.0593,0.0593,0,602
28,639,0.0378,0.0378,0,382
28,640,0.0379,0.0379,0,377
29,627,0.0376,0.0376,0,375
29,601,0.1144,0.1144,0,1147
29,641,0.166,0.166,0,1681
29,642,0.0379,0.0379,0,384
29,643,0.1147,0.1147,0,1147
29,644,0.0538,0.0538,0,535
29,645,0.0368,0.0368,0,369
29,646,0.1144,0.1144,0,1153
29,647,0.1148,0.1148,0,1164
29,648,0.0555,0.0555,0,563
29,649,0.0538,0.0538,0,541
29,650,0.02,0.02,0,201
29,651,0.0366,0.0366,0,365
29,652,0.036,0.036,0,363
29,653,0.1146,0.1146,0,1152
29,654,0.0367,0.0367,0,374
29,655,0.1144,0.1144,0,1155
29,656,0.0191,0.0191,0,194
29,657,0.0378,0.0378,0,378
29,658,0.166,0.166,0,1659
29,659,0.019,0.019,0,192
29,660,0.019,0.019,0,192
29,661,0.02,0.02,0,203
29,662,0.019,0.019,0,194
30,641,0.0964,0.0964,0,978
30,658,0.0964,0.0964,0,967
30,663,0.019,0.019,0,193
30,664,0.1076,0.1076,0,1076
30,665,0.0359,0.0359,0,363
30,666,0.1144,0.1144,0,1158
30,667,0.0199,0.0199,0,202
30,668,0.166,0.166,0,1668
30,669,0.0886,0.0886,0,884
30,670,0.0375,0.0375,0,376
30,671,0.0366,0.0366,0,372
30,672,0.0373,0.0373,0,378
30,673,0.0593,0.0593,0,604
30,674,0.1431,0.1431,0,1441
30,675,0.0368,0.0368,0,367
30,676,0.0543,0.0543,0,544
30,677,0.1149,0.1149,0,1157
30,678,0.0366,0.0366,0,371
30,679,0.0538,0.0538,0,548
30,680,0.0201,0.0201,0,205
30,681,0.0886,0.0886,0,895
30,682,0.0202,0.0202,0,205
30,683,0.0886,0.0886,0,883
30,684,0.0553,0.0553,0,556
31,668,0.0378,0.0378,0,382
31,674,0.0554,0.0554,0,563
31,685,0.0593,0.0593,0,603
31,686,0.0593,0.0593,0,603
31,687,0.1145,0.1145,0,1148
31,688,0.1145,0.1145,0,1148
31,689,0.0376,0.0376,0,378
31,690,0.1728,0.1728,0,1750
31,691,0.0593,0.0593,0,600
31,692,0.037,0.037,0,372
31,693,0.0375,0.0375,0,376
31,694,0.0364,0.0364,0,366
31,695,0.0538,0.0538,0,543
31,696,0.019,0.019,0,191
31,697,0.0376,0.0376,0,379
31,698,0.0199,0.0199,0,203
31,699,0.0192,0.0192,0,197
31,700,0.019,0.019,0,194
31,701,0.1431,0.1431,0,1449
31,702,0.038,0.038,0,381
31,703,0.0907,0.0907,0,905
31,704,0.1146,0.1146,0,1155
31,705,0.0378,0.0378,0,384
31,706,0.02,0.02,0,205
32,690,0.0964,0.0964,0,979
32,701,0.0199,0.0199,0,201
32,707,0.0593,0.0593,0,595
32,708,0.115,0.115,0,1148
32,709,0.0538,0.0538,0,539
32,710,0.0886,0.0886,0,896
32,711,0.0964,0.0964,0,977
32,712,0.1728,0.1728,0,1731
32,713,0.166,0.166,0,1662
32,714,0.1242,0.1242,0,1261
32,715,0.038,0.038,0,383
32,716,0.0381,0.0381,0,382
32,717,0.0538,0.0538,0,536
32,718,0.0593,0.0593,0,595
32,719,0.0378,0.0378,0,377
32,720,0.0379,0.0379,0,383
32,721,0.0201,0.0201,0,204
32,722,0.02,0.02,0,203
32,723,0.0964,0.0964,0,979
32,724,0.0198,0.0198,0,202
32,725,0.0367,0.0367,0,370
32,726,0.0538,0.0538,0,541
32,727,0.0199,0.0199,0,200
32,728,0.0538,0.0538,0,538
33,712,0.0908,0.0908,0,917
33,713,0.0964,0.0964,0,977
33,729,0.0593,0.0593,0,601
33,730,0.0964,0.0964,0,972
33,731,0.0593,0.0593,0,595
33,732,0.0964,0.0964,0,967
33,733,0.1148,0.1148,0,1160
33,734,0.166,0.166,0,1676
33,735,0.0199,0.0199,0,202
33,736,0.0379,0.0379,0,382
33,737,0.0593,0.0593,0,595
33,738,0.1145,0.1145,0,1149
33,739,0.0964,0.0964,0,978
33,740,0.0555,0.0555,0,563
33,741,0.1151,0.1151,0,1157
33,742,0.02,0.02,0,199
33,743,0.0538,0.0538,0,539
33,744,0.0376,0.0376,0,379
33,745,0.1241,0.1241,0,1257
33,746,0.115,0.115,0,1170
33,747,0.1144,0.1144,0,1147
33,748,0.0538,0.0538,0,540
33,749,0.0964,0.0964,0,968
33,750,0.0195,0.0195,0,199
34,734,0.0538,0.0538,0,546
34,745,0.0964,0.0964,0,979
34,751,0.1144,0.1144,0,1154
34,752,0.0593,0.0593,0,597
34,753,0.038,0.038,0,383
34,754,0.0381,0.0381,0,383
34,755,0.02,0.02,0,202
34,756,0.166,0.166,0,1679
34,757,0.1244,0.1244,0,1254
34,758,0.0593,0.0593,0,594
34,759,0.0964,0.0964,0,966
34,760,0.019,0.019,0,193
34,761,0.0964,0.0964,0,980
34,762,0.0593,0.0593,0,603
34,763,0.0964,0.0964,0,967
34,764,0.0964,0.0964,0,960
34,765,0.02,0.02,0,200
34,766,0.02,0.02,0,201
34,767,0.0538,0.0538,0,541
34,768,0.0964,0.0964,0,977
34,769,0.0367,0.0367,0,372
34,770,0.0964,0.0964,0,969
34,771,0.1144,0.1144,0,1143
34,772,0.1728,0.1728,0,1744
35,772,0.0593,0.0593,0,604
35,756,0.0593,0.0593,0,598
35,773,0.0964,0.0964,0,968
35,774,0.019,0.019,0,192
35,775,0.1153,0.1153,0,1155
35,776,0.02,0.02,0,202
35,777,0.0886,0.0886,0,896
35,778,0.1148,0.1148,0,1163
35,779,0.1531,0.1531,0,1531
35,780,0.0376,0.0376,0,378
35,781,0.038,0.038,0,383
35,782,0.1144,0.1144,0,1158
35,783,0.0381,0.0381,0,387
35,784,0.036,0.036,0,364
35,785,0.0538,0.0538,0,544
35,786,0.0198,0.0198,0,198
35,787,0.0964,0.0964,0,963
35,788,0.1149,0.1149,0,1154
35,789,0.0366,0.0366,0,370
35,790,0.0379,0.0379,0,386
35,791,0.0538,0.0538,0,546
35,792,0.0593,0.0593,0,599
35,793,0.1244,0.1244,0,1246
35,794,0.0646,0.0646,0,648
36,779,0.0593,0.0593,0,597
36,793,0.0366,0.0366,0,373
36,795,0.1149,0.1149,0,1163
36,796,0.0378,0.0378,0,383
36,797,0.0593,0.0593,0,594
36,798,0.037,0.037,0,372
36,799,0.0964,0.0964,0,964
36,800,0.1419,0.1419,0,1437
36,801,0.1242,0.1242,0,1258
36,802,0.0886,0.0886,0,889
36,803,0.0964,0.0964,0,961
36,804,0.1144,0.1144,0,1155
36,805,0.115,0.115,0,1164
36,806,0.1151,0.1151,0,1155
36,807,0.0539,0.0539,0,540
36,808,0.0886,0.0886,0,887
36,809,0.037,0.037,0,374
36,810,0.019,0.019,0,193
36,811,0.0964,0.0964,0,977
36,812,0.0359,0.0359,0,363
36,813,0.1151,0.1151,0,1153
36,814,0.1728,0.1728,0,1727
36,815,0.0359,0.0359,0,364
36,816,0.1144,0.1144,0,1164
37,814,0.0538,0.0538,0,546
37,800,0.0964,0.0964,0,963
37,817,0.1431,0.1431,0,1424
37,818,0.0538,0.0538,0,544
37,819,0.0886,0.0886,0,901
37,820,0.0538,0.0538,0,544
37,821,0.115,0.115,0,1154
37,822,0.1144,0.1144,0,1143
37,823,0.1431,0.1431,0,1452
37,824,0.0381,0.0381,0,386
37,825,0.0368,0.0368,0,375
37,826,0.115,0.115,0,1154
37,827,0.02,0.02,0,201
37,828,0.0199,0.0199,0,199
37,829,0.019,0.019,0,192
37,830,0.0367,0.0367,0,370
37,831,0.0199,0.0199,0,200
37,832,0.0368,0.0368,0,373
37,833,0.0199,0.0199,0,203
37,834,0.1144,0.1144,0,1162
37,835,0.0367,0.0367,0,371
37,836,0.0964,0.0964,0,964
37,837,0.1818,0.1818,0,1819
37,838,0.0964,0.0964,0,979
38,837,0.1151,0.1151,0,1161
38,817,0.0593,0.0593,0,596
38,839,0.0886,0.0886,0,883
38,840,0.0593,0.0593,0,597
38,841,0.0199,0.0199,0,203
38,842,0.0964,0.0964,0,983
38,843,0.019,0.019,0,192
38,844,0.1818,0.1818,0,1822
38,845,0.1431,0.1431,0,1440
38,846,0.0195,0.0195,0,197
38,847,0.0964,0.0964,0,976
38,848,0.0379,0.0379,0,387
38,849,0.0886,0.0886,0,895
38,850,0.0359,0.0359,0,359
38,851,0.0199,0.0199,0,199
38,852,0.0886,0.0886,0,883
38,853,0.0593,0.0593,0,599
38,854,0.0593,0.0593,0,601
38,855,0.1431,0.1431,0,1448
38,856,0.0964,0.0964,0,969
38,857,0.02,0.02,0,200
38,858,0.1431,0.1431,0,1439
38,859,0.0378,0.0378,0,385
38,860,0.1149,0.1149,0,1167
39,844,0.1144,0.1144,0,1152
39,845,0.1728,0.1728,0,1733
39,861,0.0199,0.0199,0,203
39,862,0.0544,0.0544,0,552
39,863,0.019,0.019,0,194
39,864,0.0964,0.0964,0,975
39,865,0.0382,0.0382,0,384
39,866,0.1818,0.1818,0,1818
39,867,0.1419,0.1419,0,1432
39,868,0.0886,0.0886,0,898
39,869,0.1145,0.1145,0,1150
39,870,0.02,0.02,0,199
39,871,0.0964,0.0964,0,962
39,872,0.019,0.019,0,191
39,873,0.0538,0.0538,0,543
39,874,0.0538,0.0538,0,548
39,875,0.0538,0.0538,0,543
39,876,0.0964,0.0964,0,970
39,877,0.0379,0.0379,0,378
39,878,0.0366,0.0366,0,364
39,879,0.0199,0.0199,0,199
39,880,0.115,0.115,0,1154
39,881,0.1728,0.1728,0,1744
39,882,0.0593,0.0593,0,597
40,866,0.0538,0.0538,0,536
40,845,0.0203,0.0203,0,204
40,883,0.0964,0.0964,0,966
40,884,0.1418,0.1418,0,1433
40,885,0.0378,0.0378,0,386
40,886,0.019,0.019,0,195
40,887,0.0379,0.0379,0,384
40,888,0.1818,0.1818,0,1823
40,889,0.1728,0.1728,0,1745
40,890,0.0379,0.0379,0,385
40,891,0.0593,0.0593,0,599
40,892,0.0964,0.0964,0,964
40,893,0.0964,0.0964,0,967
40,894,0.0593,0.0593,0,598
40,895,0.0379,0.0379,0,385
40,896,0.0378,0.0378,0,383
40,897,0.02,0.02,0,202
40,898,0.0199,0.0199,0,202
40,899,0.0542,0.0542,0,546
40,900,0.02,0.02,0,201
40,901,0.1144,0.1144,0,1147
40,902,0.0543,0.0543,0,548
40,903,0.0538,0.0538,0,541
40,904,0.1144,0.1144,0,1159
41,888,0.0538,0.0538,0,545
41,889,0.0366,0.0366,0,370
41,905,0.0378,0.0378,0,381
41,906,0.0593,0.0593,0,595
41,907,0.0964,0.0964,0,964
41,908,0.0379,0.0379,0,383
41,909,0.0379,0.0379,0,384
41,910,0.1818,0.1818,0,1838
41,911,0.1728,0.1728,0,1731
41,912,0.0378,0.0378,0,382
41,913,0.0366,0.0366,0,370
41,914,0.0544,0.0544,0,552
41,915,0.019,0.019,0,195
41,916,0.0361,0.0361,0,367
41,917,0.019,0.019,0,194
41,918,0.019,0.019,0,191
41,919,0.0542,0.0542,0,544
41,920,0.0964,0.0964,0,961
41,921,0.1149,0.1149,0,1153
41,922,0.0367,0.0367,0,373
41,923,0.0544,0.0544,0,553
41,924,0.0369,0.0369,0,375
41,925,0.0538,0.0538,0,544
41,926,0.0379,0.0379,0,383
42,910,0.1144,0.1144,0,1146
42,911,0.0367,0.0367,0,370
42,927,0.1085,0.1085,0,1094
42,928,0.0538,0.0538,0,548
42,929,0.0375,0.0375,0,381
42,930,0.0378,0.0378,0,382
42,931,0.0593,0.0593,0,598
42,932,0.1144,0.1144,0,1138
42,933,0.0369,0.0369,0,369
42,934,0.02,0.02,0,201
42,935,0.0368,0.0368,0,375
42,936,0.038,0.038,0,385
42,937,0.1729,0.1729,0,1746
42,938,0.0366,0.0366,0,367
42,939,0.0375,0.0375,0,375
42,940,0.0964,0.0964,0,965
42,941,0.115,0.115,0,1164
42,942,0.0538,0.0538,0,545
42,943,0.0964,0.0964,0,971
42,944,0.0197,0.0197,0,198
42,945,0.0593,0.0593,0,595
42,946,0.0201,0.0201,0,203
42,947,0.0964,0.0964,0,969
42,948,0.0964,0.0964,0,975
43,937,0.0547,0.0547,0,558
43,941,0.038,0.038,0,382
43,949,0.0379,0.0379,0,383
43,950,0.0964,0.0964,0,961
43,951,0.0543,0.0543,0,545
43,952,0.0554,0.0554,0,559
43,953,0.0368,0.0368,0,373
43,954,0.0553,0.0553,0,564
43,955,0.1149,0.1149,0,1160
43,956,0.1149,0.1149,0,1150
43,957,0.0964,0.0964,0,964
43,958,0.0545,0.0545,0,548
43,959,0.019,0.019,0,192
43,960,0.0886,0.0886,0,897
43,961,0.0381,0.0381,0,388
43,962,0.0964,0.0964,0,971
43,963,0.0553,0.0553,0,555
43,964,0.0964,0.0964,0,964
43,965,0.1421,0.1421,0,1438
43,966,0.0964,0.0964,0,977
43,967,0.0964,0.0964,0,965
43,968,0.0199,0.0199,0,198
43,969,0.0964,0.0964,0,965
43,970,0.1151,0.1151,0,1159
44,965,0.0964,0.0964,0,978
44,970,0.0886,0.0886,0,890
44,971,0.0381,0.0381,0,381
44,972,0.0362,0.0362,0,364
44,973,0.0378,0.0378,0,380
44,974,0.0964,0.0964,0,973
44,975,0.1144,0.1144,0,1156
44,976,0.1078,0.1078,0,1089
44,977,0.1149,0.1149,0,1150
44,978,0.0378,0.0378,0,380
44,979,0.0199,0.0199,0,201
44,980,0.0201,0.0201,0,201
44,981,0.0376,0.0376,0,382
44,982,0.1144,0.1144,0,1163
44,983,0.1149,0.1149,0,1158
44,984,0.0553,0.0553,0,554
44,985,0.0366,0.0366,0,367
44,986,0.019,0.019,0,191
44,987,0.1148,0.1148,0,1154
44,988,0.107,0.107,0,1088
44,989,0.0367,0.0367,0,373
44,990,0.0379,0.0379,0,381
44,991,0.0964,0.0964,0,961
44,992,0.02,0.02,0,198
45,983,0.0964,0.0964,0,967
45,977,0.0191,0.0191,0,196
45,993,0.02,0.02,0,204
45,994,0.019,0.019,0,194
45,995,0.1431,0.1431,0,1447
45,996,0.173,0.173,0,1720
45,997,0.1145,0.1145,0,1158
45,998,0.1149,0.1149,0,1169
45,999,0.1431,0.1431,0,1432
45,1000,0.0964,0.0964,0,965
45,1001,0.0367,0.0367,0,369
45,1002,0.0361,0.0361,0,366
45,1003,0.02,0.02,0,203
45,1004,0.0538,0.0538,0,546
45,1005,0.0369,0.0369,0,377
45,1006,0.0886,0.0886,0,891
45,1007,0.0964,0.0964,0,964
45,1008,0.0886,0.0886,0,885
45,1009,0.1148,0.1148,0,1163
45,1010,0.142,0.142,0,1435
45,1011,0.1418,0.1418,0,1419
45,1012,0.0199,0.0199,0,200
45,1013,0.0367,0.0367,0,368
45,1014,0.0202,0.0202,0,204
46,996,0.0366,0.0366,0,369
46,995,0.1149,0.1149,0,1163
46,1015,0.0367,0.0367,0,375
46,1016,0.02,0.02,0,202
46,1017,0.0199,0.0199,0,199
46,1018,0.1148,0.1148,0,1148
46,1019,0.1149,0.1149,0,1151
46,1020,0.1431,0.1431,0,1452
46,1021,0.0593,0.0593,0,602
46,1022,0.1148,0.1148,0,1153
46,1023,0.0886,0.0886,0,886
46,1024,0.019,0.019,0,192
46,1025,0.0964,0.0964,0,975
46,1026,0.0199,0.0199,0,203
46,1027,0.1149,0.1149,0,1160
46,1028,0.115,0.115,0,1146
46,1029,0.0593,0.0593,0,594
46,1030,0.0964,0.0964,0,970
46,1031,0.0538,0.0538,0,546
46,1032,0.0593,0.0593,0,601
46,1033,0.0964,0.0964,0,974
46,1034,0.0964,0.0964,0,966
46,1035,0.0964,0.0964,0,967
46,1036,0.0366,0.0366,0,371
47,1020,0.115,0.115,0,1168
47,1028,0.0366,0.0366,0,370
47,1037,0.02,0.02,0,203
47,1038,0.02,0.02,0,202
47,1039,0.0198,0.0198,0,200
47,1040,0.0367,0.0367,0,368
47,1041,0.02,0.02,0,201
47,1042,0.0375,0.0375,0,375
47,1043,0.1421,0.1421,0,1435
47,1044,0.115,0.115,0,1166
47,1045,0.0199,0.0199,0,201
47,1046,0.0201,0.0201,0,201
47,1047,0.0964,0.0964,0,961
47,1048,0.0367,0.0367,0,367
47,1049,0.0886,0.0886,0,887
47,1050,0.1151,0.1151,0,1166
47,1051,0.02,0.02,0,203
47,1052,0.0199,0.0199,0,204
47,1053,0.02,0.02,0,202
47,1054,0.0366,0.0366,0,367
47,1055,0.1148,0.1148,0,1143
47,1056,0.02,0.02,0,201
47,1057,0.02,0.02,0,202
47,1058,0.166,0.166,0,1675
48,1058,0.019,0.019,0,194
48,1043,0.0199,0.0199,0,201
48,1059,0.0366,0.0366,0,369
48,1060,0.0198,0.0198,0,201
48,1061,0.0964,0.0964,0,961
48,1062,0.0554,0.0554,0,554
48,1063,0.115,0.115,0,1156
48,1064,0.1149,0.1149,0,1169
48,1065,0.1149,0.1149,0,1151
48,1066,0.115,0.115,0,1146
48,1067,0.0964,0.0964,0,970
48,1068,0.115,0.115,0,1162
48,1069,0.02,0.02,0,202
48,1070,0.1153,0.1153,0,1162
48,1071,0.1149,0.1149,0,1149
48,1072,0.02,0.02,0,202
48,1073,0.0365,0.0365,0,370
48,1074,0.02,0.02,0,203
48,1075,0.0538,0.0538,0,547
48,1076,0.0964,0.0964,0,976
48,1077,0.1324,0.1324,0,1328
48,1078,0.1149,0.1149,0,1151
48,1079,0.115,0.115,0,1162
48,1080,0.0554,0.0554,0,561
49,1077,0.0593,0.0593,0,599
49,1070,0.0199,0.0199,0,202
49,1081,0.0199,0.0199,0,200
49,1082,0.0964,0.0964,0,964
49,1083,0.1324,0.1324,0,1323
49,1084,0.0538,0.0538,0,545
49,1085,0.1153,0.1153,0,1171
49,1086,0.1324,0.1324,0,1321
49,1087,0.0593,0.0593,0,595
49,1088,0.1151,0.1151,0,1158
49,1089,0.0886,0.0886,0,902
49,1090,0.0553,0.0553,0,562
49,1091,0.0593,0.0593,0,599
49,1092,0.019,0.019,0,191
49,1093,0.0964,0.0964,0,966
49,1094,0.019,0.019,0,192
49,1095,0.0538,0.0538,0,541
49,1096,0.0964,0.0964,0,980
49,1097,0.1324,0.1324,0,1339
49,1098,0.1151,0.1151,0,1154
49,1099,0.0365,0.0365,0,366
49,1100,0.0194,0.0194,0,195
49,1101,0.0964,0.0964,0,972
49,1102,0.0367,0.0367,0,373
50,1083,0.0374,0.0374,0,379
50,1086,0.0964,0.0964,0,974
50,1103,0.02,0.02,0,201
50,1104,0.0367,0.0367,0,368
50,1105,0.0886,0.0886,0,881
50,1106,0.019,0.019,0,189
50,1107,0.115,0.115,0,1159
50,1108,0.1324,0.1324,0,1342
50,1109,0.1324,0.1324,0,1325
50,1110,0.02,0.02,0,200
50,1111,0.0379,0.0379,0,383
50,1112,0.0376,0.0376,0,378
50,1113,0.1153,0.1153,0,1165
50,1114,0.0553,0.0553,0,561
50,1115,0.0964,0.0964,0,970
50,1116,0.0367,0.0367,0,369
50,1117,0.02,0.02,0,201
50,1118,0.1419,0.1419,0,1422
50,1119,0.0886,0.0886,0,896
50,1120,0.0199,0.0199,0,203
50,1121,0.1154,0.1154,0,1164
50,1122,0.0554,0.0554,0,555
50,1123,0.0369,0.0369,0,368
50,1124,0.0593,0.0593,0,592
51,1118,0.0553,0.0553,0,555
51,1108,0.0368,0.0368,0,373
51,1125,0.1226,0.1226,0,1244
51,1126,0.1149,0.1149,0,1160
51,1127,0.1149,0.1149,0,1145
51,1128,0.0554,0.0554,0,560
51,1129,0.019,0.019,0,193
51,1130,0.1149,0.1149,0,1169
51,1131,0.1077,0.1077,0,1087
51,1132,0.02,0.02,0,201
51,1133,0.0374,0.0374,0,376
51,1134,0.0538,0.0538,0,539
51,1135,0.0379,0.0379,0,382
51,1136,0.0359,0.0359,0,361
51,1137,0.115,0.115,0,1165
51,1138,0.1324,0.1324,0,1340
51,1139,0.02,0.02,0,203
51,1140,0.0377,0.0377,0,377
51,1141,0.173,0.173,0,1727
51,1142,0.02,0.02,0,203
51,1143,0.0538,0.0538,0,547
51,1144,0.0538,0.0538,0,548
51,1145,0.1324,0.1324,0,1333
51,1146,0.115,0.115,0,1149
52,1141,0.1149,0.1149,0,1156
52,1138,0.0538,0.0538,0,548
52,1147,0.0538,0.0538,0,545
52,1148,0.02,0.02,0,205
52,1149,0.02,0.02,0,201
52,1150,0.0964,0.0964,0,967
52,1151,0.0366,0.0366,0,367
52,1152,0.0593,0.0593,0,598
52,1153,0.1324,0.1324,0,1336
52,1154,0.1148,0.1148,0,1167
52,1155,0.1419,0.1419,0,1422
52,1156,0.0593,0.0593,0,597
52,1157,0.0964,0.0964,0,972
52,1158,0.1324,0.1324,0,1343
52,1159,0.0199,0.0199,0,203
52,1160,0.0964,0.0964,0,968
52,1161,0.0365,0.0365,0,366
52,1162,0.0593,0.0593,0,594
52,1163,0.0593,0.0593,0,597
52,1164,0.0538,0.0538,0,547
52,1165,0.0964,0.0964,0,981
52,1166,0.0538,0.0538,0,543
52,1167,0.0886,0.0886,0,889
52,1168,0.0964,0.0964,0,965
53,1155,0.0198,0.0198,0,201
53,1158,0.0593,0.0593,0,598
53,1169,0.037,0.037,0,376
53,1170,0.0378,0.0378,0,385
53,1171,0.166,0.166,0,1673
53,1172,0.0379,0.0379,0,381
53,1173,0.0538,0.0538,0,539
53,1174,0.1728,0.1728,0,1742
53,1175,0.1422,0.1422,0,1440
53,1176,0.0964,0.0964,0,966
53,1177,0.0964,0.0964,0,967
53,1178,0.0593,0.0593,0,596
53,1179,0.1431,0.1431,0,1456
53,1180,0.0382,0.0382,0,386
53,1181,0.1324,0.1324,0,1325
53,1182,0.0359,0.0359,0,361
53,1183,0.0886,0.0886,0,891
53,1184,0.115,0.115,0,1166
53,1185,0.0379,0.0379,0,386
53,1186,0.1144,0.1144,0,1154
53,1187,0.0964,0.0964,0,960
53,1188,0.0554,0.0554,0,554
53,1189,0.142,0.142,0,1435
53,1190,0.1324,0.1324,0,1335
54,1174,0.0379,0.0379,0,381
54,1171,0.1152,0.1152,0,1152
54,1191,0.0554,0.0554,0,557
54,1192,0.019,0.019,0,192
54,1193,0.0359,0.0359,0,363
54,1194,0.038,0.038,0,387
54,1195,0.1421,0.1421,0,1439
54,1196,0.163,0.163,0,1630
54,1197,0.1431,0.1431,0,1443
54,1198,0.0379,0.0379,0,386
54,1199,0.0593,0.0593,0,602
54,1200,0.166,0.166,0,1667
54,1201,0.0964,0.0964,0,967
54,1202,0.1419,0.1419,0,1438
54,1203,0.0964,0.0964,0,975
54,1204,0.02,0.02,0,202
54,1205,0.1146,0.1146,0,1144
54,1206,0.0593,0.0593,0,595
54,1207,0.1224,0.1224,0,1234
54,1208,0.115,0.115,0,1165
54,1209,0.0964,0.0964,0,967
54,1210,0.0203,0.0203,0,205
54,1211,0.02,0.02,0,200
54,1212,0.0538,0.0538,0,539
55,1200,0.1419,0.1419,0,1428
55,1196,0.0367,0.0367,0,373
55,1213,0.0538,0.0538,0,546
55,1214,0.0538,0.0538,0,546
55,1215,0.0378,0.0378,0,380
55,1216,0.0538,0.0538,0,538
55,1217,0.0538,0.0538,0,538
55,1218,0.1728,0.1728,0,1738
55,1219,0.02,0.02,0,203
55,1220,0.0593,0.0593,0,599
55,1221,0.0964,0.0964,0,968
55,1222,0.0964,0.0964,0,959
55,1223,0.1225,0.1225,0,1229
55,1224,0.0886,0.0886,0,898
55,1225,0.0886,0.0886,0,896
55,1226,0.0359,0.0359,0,362
55,1227,0.1151,0.1151,0,1152
55,1228,0.0593,0.0593,0,597
55,1229,0.0538,0.0538,0,542
55,1230,0.1324,0.1324,0,1339
55,1231,0.02,0.02,0,203
55,1232,0.1421,0.1421,0,1426
55,1233,0.1324,0.1324,0,1322
55,1234,0.1324,0.1324,0,1341
56,1218,0.0964,0.0964,0,976
56,1232,0.0538,0.0538,0,541
56,1235,0.0199,0.0199,0,199
56,1236,0.1324,0.1324,0,1322
56,1237,0.0593,0.0593,0,598
56,1238,0.0203,0.0203,0,207
56,1239,0.0379,0.0379,0,387
56,1240,0.166,0.166,0,1673
56,1241,0.1421,0.1421,0,1424
56,1242,0.0964,0.0964,0,971
56,1243,0.0538,0.0538,0,544
56,1244,0.0199,0.0199,0,203
56,1245,0.1152,0.1152,0,1159
56,1246,0.0538,0.0538,0,540
56,1247,0.0199,0.0199,0,200
56,1248,0.0593,0.0593,0,597
56,1249,0.036,0.036,0,364
56,1250,0.0964,0.0964,0,971
56,1251,0.0886,0.0886,0,896
56,1252,0.142,0.142,0,1431
56,1253,0.0964,0.0964,0,964
56,1254,0.1324,0.1324,0,1334
56,1255,0.02,0.02,0,203
56,1256,0.1324,0.1324,0,1336
57,1240,0.0886,0.0886,0,888
57,1241,0.0964,0.0964,0,965
57,1257,0.0381,0.0381,0,384
57,1258,0.0366,0.0366,0,369
57,1259,0.0368,0.0368,0,372
57,1260,0.0538,0.0538,0,550
57,1261,0.0538,0.0538,0,547
57,1262,0.0886,0.0886,0,891
57,1263,0.142,0.142,0,1417
57,1264,0.0366,0.0366,0,370
57,1265,0.02,0.02,0,204
57,1266,0.166,0.166,0,1680
57,1267,0.0964,0.0964,0,970
57,1268,0.0365,0.0365,0,366
57,1269,0.0593,0.0593,0,596
57,1270,0.1324,0.1324,0,1331
57,1271,0.0964,0.0964,0,980
57,1272,0.019,0.019,0,192
57,1273,0.1729,0.1729,0,1733
57,1274,0.0379,0.0379,0,380
57,1275,0.1728,0.1728,0,1742
57,1276,0.1324,0.1324,0,1339
57,1277,0.1324,0.1324,0,1319
57,1278,0.0201,0.0201,0,202
58,1273,0.115,0.115,0,1156
58,1275,0.0199,0.0199,0,200
58,1279,0.1324,0.1324,0,1342
58,1280,0.0199,0.0199,0,202
58,1281,0.115,0.115,0,1150
58,1282,0.1149,0.1149,0,1148
58,1283,0.0964,0.0964,0,970
58,1284,0.1144,0.1144,0,1164
58,1285,0.1728,0.1728,0,1734
58,1286,0.0593,0.0593,0,596
58,1287,0.0555,0.0555,0,562
58,1288,0.0199,0.0199,0,203
58,1289,0.0538,0.0538,0,546
58,1290,0.0964,0.0964,0,977
58,1291,0.0553,0.0553,0,559
58,1292,0.0545,0.0545,0,545
58,1293,0.1728,0.1728,0,1732
58,1294,0.0199,0.0199,0,202
58,1295,0.02,0.02,0,202
58,1296,0.0544,0.0544,0,554
58,1297,0.0538,0.0538,0,545
58,1298,0.0886,0.0886,0,892
58,1299,0.038,0.038,0,380
58,1300,0.1152,0.1152,0,1154
59,1285,0.0593,0.0593,0,598
59,1293,0.0554,0.0554,0,560
59,1301,0.1728,0.1728,0,1748
59,1302,0.0538,0.0538,0,539
59,1303,0.1324,0.1324,0,1325
59,1304,0.0964,0.0964,0,976
59,1305,0.0593,0.0593,0,605
59,1306,0.1728,0.1728,0,1735
59,1307,0.0886,0.0886,0,888
59,1308,0.1421,0.1421,0,1433
59,1309,0.0359,0.0359,0,365
59,1310,0.0201,0.0201,0,205
59,1311,0.0367,0.0367,0,372
59,1312,0.0538,0.0538,0,541
59,1313,0.1431,0.1431,0,1426
59,1314,0.1418,0.1418,0,1433
59,1315,0.0886,0.0886,0,898
59,1316,0.0368,0.0368,0,373
59,1317,0.0964,0.0964,0,967
59,1318,0.0382,0.0382,0,382
59,1319,0.0964,0.0964,0,970
59,1320,0.1144,0.1144,0,1157
59,1321,0.0964,0.0964,0,978
59,1322,0.0378,0.0378,0,383
60,1306,0.1144,0.1144,0,1142
60,1301,0.1149,0.1149,0,1154
60,1323,0.0886,0.0886,0,893
60,1324,0.0374,0.0374,0,381
60,1325,0.1083,0.1083,0,1094
60,1326,0.0377,0.0377,0,378
60,1327,0.0593,0.0593,0,596
60,1328,0.1728,0.1728,0,1735
60,1329,0.1431,0.1431,0,1454
60,1330,0.0593,0.0593,0,601
60,1331,0.0646,0.0646,0,647
60,1332,0.0555,0.0555,0,555
60,1333,0.019,0.019,0,193
60,1334,0.115,0.115,0,1163
60,1335,0.0359,0.0359,0,364
60,1336,0.0964,0.0964,0,975
60,1337,0.02,0.02,0,202
60,1338,0.0964,0.0964,0,968
60,1339,0.1149,0.1149,0,1151
60,1340,0.1228,0.1228,0,1241
60,1341,0.02,0.02,0,204
60,1342,0.0964,0.0964,0,974
60,1343,0.0964,0.0964,0,969
60,1344,0.0964,0.0964,0,962
61,1328,0.1144,0.1144,0,1155
61,1329,0.0538,0.0538,0,548
61,1345,0.0964,0.0964,0,973
61,1346,0.036,0.036,0,360
61,1347,0.1431,0.1431,0,1433
61,1348,0.115,0.115,0,1155
61,1349,0.0538,0.0538,0,547
61,1350,0.1728,0.1728,0,1737
61,1351,0.1431,0.1431,0,1433
61,1352,0.037,0.037,0,373
61,1353,0.0593,0.0593,0,603
61,1354,0.0593,0.0593,0,604
61,1355,0.0886,0.0886,0,897
61,1356,0.0964,0.0964,0,969
61,1357,0.0538,0.0538,0,537
61,1358,0.037,0.037,0,372
61,1359,0.02,0.02,0,202
61,1360,0.019,0.019,0,193
61,1361,0.019,0.019,0,193
61,1362,0.115,0.115,0,1165
61,1363,0.0538,0.0538,0,544
61,1364,0.1144,0.1144,0,1144
61,1365,0.0886,0.0886,0,885
61,1366,0.0379,0.0379,0,383
62,1350,0.1418,0.1418,0,1438
62,1347,0.1144,0.1144,0,1155
62,1367,0.019,0.019,0,191
62,1368,0.0538,0.0538,0,539
62,1369,0.0538,0.0538,0,538
62,1370,0.0964,0.0964,0,971
62,1371,0.0538,0.0538,0,545
62,1372,0.1728,0.1728,0,1743
62,1373,0.02,0.02,0,200
62,1374,0.0546,0.0546,0,546
62,1375,0.02,0.02,0,200
62,1376,0.02,0.02,0,202
62,1377,0.0366,0.0366,0,366
62,1378,0.1144,0.1144,0,1155
62,1379,0.1149,0.1149,0,1165
62,1380,0.1151,0.1151,0,1159
62,1381,0.0593,0.0593,0,592
62,1382,0.1419,0.1419,0,1429
62,1383,0.1144,0.1144,0,1162
62,1384,0.0373,0.0373,0,377
62,1385,0.1144,0.1144,0,1148
62,1386,0.0553,0.0553,0,555
62,1387,0.1144,0.1144,0,1152
62,1388,0.0964,0.0964,0,977
63,1372,0.0964,0.0964,0,976
63,1382,0.0646,0.0646,0,648
63,1389,0.0964,0.0964,0,963
63,1390,0.0545,0.0545,0,546
63,1391,0.1728,0.1728,0,1751
63,1392,0.0378,0.0378,0,383
63,1393,0.019,0.019,0,194
63,1394,0.1728,0.1728,0,1730
63,1395,0.02,0.02,0,201
63,1396,0.0538,0.0538,0,540
63,1397,0.0378,0.0378,0,383
63,1398,0.0886,0.0886,0,899
63,1399,0.0886,0.0886,0,895
63,1400,0.02,0.02,0,200
63,1401,0.1419,0.1419,0,1417
63,1402,0.0593,0.0593,0,596
63,1403,0.0546,0.0546,0,553
63,1404,0.0368,0.0368,0,374
63,1405,0.02,0.02,0,202
63,1406,0.0379,0.0379,0,385
63,1407,0.0554,0.0554,0,562
63,1408,0.0593,0.0593,0,594
63,1409,0.0593,0.0593,0,594
63,1410,0.1419,0.1419,0,1428
64,1391,0.0964,0.0964,0,981
64,1394,0.0593,0.0593,0,601
64,1411,0.0555,0.0555,0,558
64,1412,0.1149,0.1149,0,1150
64,1413,0.1153,0.1153,0,1161
64,1414,0.0593,0.0593,0,605
64,1415,0.0964,0.0964,0,976
64,1416,0.1728,0.1728,0,1726
64,1417,0.142,0.142,0,1421
64,1418,0.0202,0.0202,0,206
64,1419,0.019,0.019,0,195
64,1420,0.142,0.142,0,1436
64,1421,0.0546,0.0546,0,549
64,1422,0.0964,0.0964,0,963
64,1423,0.1431,0.1431,0,1441
64,1424,0.1144,0.1144,0,1160
64,1425,0.0964,0.0964,0,974
64,1426,0.0886,0.0886,0,886
64,1427,0.1431,0.1431,0,1437
64,1428,0.019,0.019,0,195
64,1429,0.0375,0.0375,0,383
64,1430,0.1419,0.1419,0,1435
64,1431,0.0886,0.0886,0,886
64,1432,0.0191,0.0191,0,193
65,1416,0.0593,0.0593,0,596
65,1423,0.0538,0.0538,0,542
65,1433,0.0553,0.0553,0,559
65,1434,0.0202,0.0202,0,206
65,1435,0.0197,0.0197,0,202
65,1436,0.0593,0.0593,0,603
65,1437,0.055,0.055,0,554
65,1438,0.166,0.166,0,1654
65,1439,0.1431,0.1431,0,1442
65,1440,0.0538,0.0538,0,546
65,1441,0.0964,0.0964,0,975
65,1442,0.0964,0.0964,0,965
65,1443,0.02,0.02,0,201
65,1444,0.0886,0.0886,0,886
65,1445,0.0593,0.0593,0,600
65,1446,0.02,0.02,0,202
65,1447,0.019,0.019,0,194
65,1448,0.0538,0.0538,0,549
65,1449,0.0538,0.0538,0,547
65,1450,0.0538,0.0538,0,539
65,1451,0.1431,0.1431,0,1433
65,1452,0.0593,0.0593,0,600
65,1453,0.019,0.019,0,193
65,1454,0.1151,0.1151,0,1166
66,1438,0.1728,0.1728,0,1729
66,1439,0.0538,0.0538,0,540
66,1455,0.0593,0.0593,0,595
66,1456,0.0201,0.0201,0,204
66,1457,0.0538,0.0538,0,545
66,1458,0.019,0.019,0,194
66,1459,0.1728,0.1728,0,1743
66,1460,0.1421,0.1421,0,1425
66,1461,0.142,0.142,0,1438
66,1462,0.0886,0.0886,0,900
66,1463,0.0374,0.0374,0,375
66,1464,0.0367,0.0367,0,371
66,1465,0.0546,0.0546,0,544
66,1466,0.0593,0.0593,0,594
66,1467,0.0593,0.0593,0,594
66,1468,0.0538,0.0538,0,544
66,1469,0.019,0.019,0,192
66,1470,0.1144,0.1144,0,1161
66,1471,0.019,0.019,0,193
66,1472,0.0203,0.0203,0,205
66,1473,0.0538,0.0538,0,538
66,1474,0.0199,0.0199,0,199
66,1475,0.0201,0.0201,0,201
66,1476,0.0964,0.0964,0,966
67,1438,0.0964,0.0964,0,976
67,1459,0.0378,0.0378,0,385
67,1477,0.1728,0.1728,0,1741
67,1478,0.0379,0.0379,0,380
67,1479,0.0964,0.0964,0,968
67,1480,0.038,0.038,0,383
67,1481,0.0538,0.0538,0,545
67,1482,0.1227,0.1227,0,1248
67,1483,0.1419,0.1419,0,1416
67,1484,0.0964,0.0964,0,969
67,1485,0.0593,0.0593,0,597
67,1486,0.1728,0.1728,0,1748
67,1487,0.0964,0.0964,0,966
67,1488,0.115,0.115,0,1149
67,1489,0.0593,0.0593,0,598
67,1490,0.0538,0.0538,0,543
67,1491,0.0593,0.0593,0,604
67,1492,0.0593,0.0593,0,601
67,1493,0.0964,0.0964,0,965
67,1494,0.1144,0.1144,0,1144
67,1495,0.0593,0.0593,0,598
67,1496,0.0543,0.0543,0,552
67,1497,0.0964,0.0964,0,971
67,1498,0.0379,0.0379,0,385
68,1477,0.0886,0.0886,0,889
68,1486,0.1728,0.1728,0,1728
68,1499,0.142,0.142,0,1438
68,1500,0.1144,0.1144,0,1150
68,1501,0.02,0.02,0,201
68,1502,0.0593,0.0593,0,595
68,1503,0.0964,0.0964,0,968
68,1504,0.1728,0.1728,0,1749
68,1505,0.1728,0.1728,0,1741
68,1506,0.0593,0.0593,0,594
68,1507,0.0886,0.0886,0,887
68,1508,0.0964,0.0964,0,976
68,1509,0.0964,0.0964,0,975
68,1510,0.019,0.019,0,191
68,1511,0.1144,0.1144,0,1146
68,1512,0.038,0.038,0,380
68,1513,0.0379,0.0379,0,382
68,1514,0.1728,0.1728,0,1746
68,1515,0.0886,0.0886,0,897
68,1516,0.0964,0.0964,0,965
68,1517,0.0964,0.0964,0,965
68,1518,0.1083,0.1083,0,1089
68,1519,0.0964,0.0964,0,978
68,1520,0.1728,0.1728,0,1731
69,1486,0.019,0.019,0,191
69,1504,0.0964,0.0964,0,965
69,1521,0.0964,0.0964,0,972
69,1522,0.0378,0.0378,0,384
69,1523,0.0964,0.0964,0,978
69,1524,0.0379,0.0379,0,383
69,1525,0.0964,0.0964,0,963
69,1526,0.1728,0.1728,0,1730
69,1527,0.1728,0.1728,0,1750
69,1528,0.0886,0.0886,0,887
69,1529,0.1151,0.1151,0,1149
69,1530,0.0886,0.0886,0,894
69,1531,0.0964,0.0964,0,980
69,1532,0.0538,0.0538,0,544
69,1533,0.1148,0.1148,0,1148
69,1534,0.1728,0.1728,0,1734
69,1535,0.0374,0.0374,0,380
69,1536,0.0886,0.0886,0,897
69,1537,0.1324,0.1324,0,1333
69,1538,0.1085,0.1085,0,1083
69,1539,0.1728,0.1728,0,1740
69,1540,0.1144,0.1144,0,1159
69,1541,0.1728,0.1728,0,1723
69,1542,0.1728,0.1728,0,1740
70,1542,0.0593,0.0593,0,600
70,1541,0.0359,0.0359,0,366
70,1543,0.1728,0.1728,0,1733
70,1544,0.115,0.115,0,1156
70,1545,0.0886,0.0886,0,894
70,1546,0.0554,0.0554,0,565
70,1547,0.0964,0.0964,0,976
70,1548,0.1728,0.1728,0,1721
70,1549,0.1731,0.1731,0,1751
70,1550,0.1728,0.1728,0,1743
70,1551,0.0886,0.0886,0,887
70,1552,0.1728,0.1728,0,1739
70,1553,0.0964,0.0964,0,980
70,1554,0.0964,0.0964,0,974
70,1555,0.1728,0.1728,0,1720
70,1556,0.1419,0.1419,0,1438
70,1557,0.0379,0.0379,0,385
70,1558,0.0379,0.0379,0,385
70,1559,0.1076,0.1076,0,1073
70,1560,0.166,0.166,0,1658
70,1561,0.0964,0.0964,0,972
70,1562,0.1728,0.1728,0,1745
70,1563,0.0379,0.0379,0,382
70,1564,0.1728,0.1728,0,1728
71,1549,0.1728,0.1728,0,1750
71,1548,0.0964,0.0964,0,973
71,1565,0.115,0.115,0,1149
71,1566,0.0964,0.0964,0,966
71,1567,0.0382,0.0382,0,388
71,1568,0.115,0.115,0,1170
71,1569,0.166,0.166,0,1661
71,1570,0.1729,0.1729,0,1734
71,1571,0.166,0.166,0,1679
71,1572,0.0964,0.0964,0,969
71,1573,0.0374,0.0374,0,374
71,1574,0.1144,0.1144,0,1147
71,1575,0.1728,0.1728,0,1747
71,1576,0.0593,0.0593,0,603
71,1577,0.0964,0.0964,0,966
71,1578,0.0964,0.0964,0,962
71,1579,0.0538,0.0538,0,541
71,1580,0.1728,0.1728,0,1746
71,1581,0.0964,0.0964,0,969
71,1582,0.1431,0.1431,0,1428
71,1583,0.1728,0.1728,0,1742
71,1584,0.1728,0.1728,0,1744
71,1585,0.0964,0.0964,0,966
71,1586,0.0593,0.0593,0,593
72,1570,0.0886,0.0886,0,895
72,1549,0.0964,0.0964,0,977
72,1587,0.1149,0.1149,0,1157
72,1588,0.1728,0.1728,0,1730
72,1589,0.1728,0.1728,0,1749
72,1590,0.0201,0.0201,0,206
72,1591,0.0378,0.0378,0,384
72,1592,0.166,0.166,0,1658
72,1593,0.1728,0.1728,0,1734
72,1594,0.1431,0.1431,0,1448
72,1595,0.1728,0.1728,0,1725
72,1596,0.0593,0.0593,0,594
72,1597,0.0964,0.0964,0,971
72,1598,0.0199,0.0199,0,204
72,1599,0.0593,0.0593,0,604
72,1600,0.1732,0.1732,0,1734
72,1601,0.0964,0.0964,0,964
72,1602,0.0964,0.0964,0,975
72,1603,0.0538,0.0538,0,548
72,1604,0.1144,0.1144,0,1155
72,1605,0.1144,0.1144,0,1146
72,1606,0.1728,0.1728,0,1733
72,1607,0.1144,0.1144,0,1160
72,1608,0.0197,0.0197,0,201
73,1600,0.0544,0.0544,0,548
73,1588,0.1728,0.1728,0,1727
73,1609,0.1728,0.1728,0,1744
73,1610,0.0964,0.0964,0,976
73,1611,0.0381,0.0381,0,384
73,1612,0.1818,0.1818,0,1815
73,1613,0.1144,0.1144,0,1158
73,1614,0.1728,0.1728,0,1747
73,1615,0.163,0.163,0,1627
73,1616,0.166,0.166,0,1676
73,1617,0.1728,0.1728,0,1746
73,1618,0.1423,0.1423,0,1421
73,1619,0.1818,0.1818,0,1836
73,1620,0.1728,0.1728,0,1743
73,1621,0.0593,0.0593,0,595
73,1622,0.1421,0.1421,0,1427
73,1623,0.1421,0.1421,0,1443
73,1624,0.038,0.038,0,387
73,1625,0.0964,0.0964,0,966
73,1626,0.1728,0.1728,0,1725
73,1627,0.0964,0.0964,0,853
73,1628,0.1728,0.1728,0,1621
73,1629,0.0964,0.0964,0,963
73,1630,0.1735,0.1735,0,1743
74,1612,0.0964,0.0964,0,979
74,1619,0.1324,0.1324,0,1330
74,1631,0.0964,0.0964,0,962
74,1632,0.0203,0.0203,0,204
74,1633,0.0379,0.0379,0,382
74,1634,0.019,0.019,0,193
74,1635,0.166,0.166,0,1680
74,1636,0.1728,0.1728,0,1726
74,1637,0.1728,0.1728,0,1726
74,1638,0.0964,0.0964,0,962
74,1639,0.038,0.038,0,385
74,1640,0.166,0.166,0,1658
74,1641,0.1144,0.1144,0,1146
74,1642,0.173,0.173,0,1750
74,1643,0.1076,0.1076,0,1081
74,1644,0.1818,0.1818,0,1811
74,1645,0.0378,0.0378,0,379
74,1646,0.0964,0.0964,0,981
74,1647,0.0538,0.0538,0,546
74,1648,0.1728,0.1728,0,1738
74,1649,0.1941,0.1941,0,1948
74,1650,0.166,0.166,0,1677
74,1651,0.0964,0.0964,0,969
74,1652,0.1728,0.1728,0,1727
75,1649,0.0964,0.0964,0,981
75,1644,0.0554,0.0554,0,563
75,1653,0.1728,0.1728,0,1735
75,1654,0.1728,0.1728,0,1729
75,1655,0.0964,0.0964,0,979
75,1656,0.0964,0.0964,0,975
75,1657,0.1728,0.1728,0,1726
75,1658,0.1482,0.1482,0,1493
75,1659,0.1818,0.1818,0,1837
75,1660,0.0542,0.0542,0,543
75,1661,0.1941,0.1941,0,1950
75,1662,0.1431,0.1431,0,1451
75,1663,0.194,0.194,0,1948
75,1664,0.1728,0.1728,0,1733
75,1665,0.0382,0.0382,0,389
75,1666,0.1818,0.1818,0,1832
75,1667,0.0379,0.0379,0,378
75,1668,0.0964,0.0964,0,963
75,1669,0.1818,0.1818,0,1837
75,1670,0.1728,0.1728,0,1739
75,1671,0.0379,0.0379,0,377
75,1672,0.0382,0.0382,0,382
75,1673,0.038,0.038,0,383
75,1674,0.0964,0.0964,0,972
76,1661,0.0538,0.0538,0,547
76,1663,0.0548,0.0548,0,556
76,1675,0.0555,0.0555,0,559
76,1676,0.0593,0.0593,0,594
76,1677,0.0546,0.0546,0,543
76,1678,0.0646,0.0646,0,648
76,1679,0.0198,0.0198,0,201
76,1680,0.194,0.194,0,1962
76,1681,0.1728,0.1728,0,1729
76,1682,0.0379,0.0379,0,377
76,1683,0.0202,0.0202,0,204
76,1684,0.0546,0.0546,0,552
76,1685,0.0553,0.0553,0,560
76,1686,0.0886,0.0886,0,897
76,1687,0.0964,0.0964,0,973
76,1688,0.0555,0.0555,0,557
76,1689,0.02,0.02,0,201
76,1690,0.0886,0.0886,0,887
76,1691,0.0379,0.0379,0,384
76,1692,0.1423,0.1423,0,1448
76,1693,0.1144,0.1144,0,1153
76,1694,0.0964,0.0964,0,964
76,1695,0.0538,0.0538,0,540
76,1696,0.1144,0.1144,0,1157
77,1680,0.02,0.02,0,204
77,1681,0.0538,0.0538,0,547
77,1697,0.02,0.02,0,203
77,1698,0.0379,0.0379,0,380
77,1699,0.0593,0.0593,0,594
77,1700,0.1421,0.1421,0,1421
77,1701,0.0593,0.0593,0,599
77,1702,0.1818,0.1818,0,1844
77,1703,0.1818,0.1818,0,1821
77,1704,0.0964,0.0964,0,969
77,1705,0.0964,0.0964,0,977
77,1706,0.0359,0.0359,0,366
77,1707,0.163,0.163,0,1637
77,1708,0.1738,0.1738,0,1736
77,1709,0.0546,0.0546,0,555
77,1710,0.0543,0.0543,0,554
77,1711,0.0593,0.0593,0,602
77,1712,0.0964,0.0964,0,966
77,1713,0.0593,0.0593,0,591
77,1714,0.0593,0.0593,0,593
77,1715,0.0359,0.0359,0,361
77,1716,0.0378,0.0378,0,384
77,1717,0.0359,0.0359,0,365
77,1718,0.0544,0.0544,0,555
78,1702,0.1144,0.1144,0,1155
78,1703,0.0538,0.0538,0,540
78,1719,0.0538,0.0538,0,536
78,1720,0.0548,0.0548,0,551
78,1721,0.0538,0.0538,0,544
78,1722,0.0201,0.0201,0,205
78,1723,0.0964,0.0964,0,979
78,1724,0.194,0.194,0,1942
78,1725,0.194,0.194,0,1948
78,1726,0.0593,0.0593,0,602
78,1727,0.019,0.019,0,190
78,1728,0.0199,0.0199,0,201
78,1729,0.0201,0.0201,0,207
78,1730,0.0593,0.0593,0,596
78,1731,0.0381,0.0381,0,380
78,1732,0.0379,0.0379,0,379
78,1733,0.1728,0.1728,0,1739
78,1734,0.1144,0.1144,0,1159
78,1735,0.1941,0.1941,0,1942
78,1736,0.0538,0.0538,0,540
78,1737,0.0593,0.0593,0,599
78,1738,0.0201,0.0201,0,204
78,1739,0.1482,0.1482,0,1504
78,1740,0.0379,0.0379,0,383
18,0.1818,0,1836
79,1745,0.1728,0.1728,0,1723
79,1746,0.0593,0.0593,0,597
79,1747,0.1421,0.1421,0,1433
79,1748,0.1421,0.1421,0,1436
79,1749,0.038,0.038,0,381
79,1750,0.0964,0.0964,0,962
79,1751,0.1728,0.1728,0,1744
79,1752,0.0964,0.0964,0,973
79,1753,0.1728,0.1728,0,1727
79,1754,0.0964,0.0964,0,966
79,1755,0.1735,0.1735,0,1753
79,1756,0.0964,0.0964,0,969
79,1757,0.1324,0.1324,0,1320
79,1758,0.0964,0.0964,0,968
79,1759,0.0203,0.0203,0,207
79,1760,0.0379,0.0379,0,387
79,1761,0.019,0.019,0,193
79,1762,0.166,0.166,0,1669
80,1744,0.1728,0.1728,0,1726
80,1755,0.1728,0.1728,0,1740
80,1763,0.0964,0.0964,0,958
80,1764,0.038,0.038,0,379
80,1765,0.166,0.166,0,1652
80,1766,0.1144,0.1144,0,1156
80,1767,0.173,0.173,0,1736
80,1768,0.1076,0.1076,0,1069
80,1769,0.1818,0.1818,0,1826
80,1770,0.0378,0.0378,0,383
80,1771,0.0964,0.0964,0,975
80,1772,0.0538,0.0538,0,538
80,1773,0.1728,0.1728,0,1725
80,1774,0.1941,0.1941,0,1962
80,1775,0.166,0.166,0,1657
80,1776,0.0964,0.0964,0,967
80,1777,0.1728,0.1728,0,1746
80,1778,0.0964,0.0964,0,972
80,1779,0.0554,0.0554,0,555
80,1780,0.1728,0.1728,0,1726
80,1781,0.1728,0.1728,0,1747
80,1782,0.0964,0.0964,0,969
80,1783,0.0964,0.0964,0,962
80,1784,0.1728,0.1728,0,1728
81,1774,0.1482,0.1482,0,1503
81,1769,0.1818,0.1818,0,1816
81,1785,0.0542,0.0542,0,543
81,1786,0.1941,0.1941,0,1952
81,1787,0.1431,0.1431,0,1446
81,1788,0.194,0.194,0,1935
81,1789,0.1728,0.1728,0,1741
81,1790,0.0382,0.0382,0,385
81,1791,0.1818,0.1818,0,1810
81,1792,0.0379,0.0379,0,378
81,1793,0.0964,0.0964,0,970
81,1794,0.1818,0.1818,0,1835
81,1795,0.1728,0.1728,0,1721
81,1796,0.0379,0.0379,0,377
81,1797,0.0382,0.0382,0,385
81,1798,0.038,0.038,0,385
81,1799,0.0964,0.0964,0,981
81,1800,0.0538,0.0538,0,547
81,1801,0.0548,0.0548,0,552
81,1802,0.0555,0.0555,0,552
81,1803,0.0593,0.0593,0,592
81,1804,0.0546,0.0546,0,549
81,1805,0.0646,0.0646,0,652
81,1806,0.0198,0.0198,0,200
82,1786,0.194,0.194,0,1956
82,1788,0.1728,0.1728,0,1725
82,1807,0.0379,0.0379,0,383
82,1808,0.0202,0.0202,0,206
82,1809,0.0546,0.0546,0,555
82,1810,0.0553,0.0553,0,563
82,1811,0.0886,0.0886,0,893
82,1812,0.0964,0.0964,0,959
82,1813,0.0555,0.0555,0,556
82,1814,0.02,0.02,0,202
82,1815,0.0886,0.0886,0,895
82,1816,0.0379,0.0379,0,387
82,1817,0.1423,0.1423,0,1435
82,1818,0.1144,0.1144,0,1140
82,1819,0.0964,0.0964,0,965
82,1820,0.0538,0.0538,0,546
82,1821,0.1144,0.1144,0,1157
82,1822,0.02,0.02,0,201
82,1823,0.0538,0.0538,0,541
82,1824,0.02,0.02,0,199
82,1825,0.0379,0.0379,0,380
82,1826,0.0593,0.0593,0,592
82,1827,0.1421,0.1421,0,1434
82,1828,0.0593,0.0593,0,600
83,1786,0.1818,0.1818,0,1826
83,1788,0.1818,0.1818,0,1821
83,1829,0.0964,0.0964,0,978
83,1830,0.0964,0.0964,0,978
83,1831,0.0359,0.0359,0,359
83,1832,0.163,0.163,0,1627
83,1833,0.1738,0.1738,0,1754
83,1834,0.0546,0.0546,0,553
83,1835,0.0543,0.0543,0,549
83,1836,0.0593,0.0593,0,594
83,1837,0.0964,0.0964,0,966
83,1838,0.0593,0.0593,0,597
83,1839,0.0593,0.0593,0,601
83,1840,0.0359,0.0359,0,364
83,1841,0.0378,0.0378,0,386
83,1842,0.0359,0.0359,0,365
83,1843,0.0544,0.0544,0,549
83,1844,0.1144,0.1144,0,1143
83,1845,0.0538,0.0538,0,542
83,1846,0.0538,0.0538,0,542
83,1847,0.0548,0.0548,0,554
83,1848,0.0538,0.0538,0,549
83,1849,0.0201,0.0201,0,204
83,1850,0.0964,0.0964,0,970
